"Fund","SS Asset ID","Sedol","Isin","Share Quantity","Net Amount","Currency","Settle Loc","Mainframe Time Stamp","Trade Date","Pay/Settle Date","SS Status","SS Trans Type","Security Name","Security Description","Executing Broker Fins","Executing Broker","Clearing Broker Fins","Clearing Broker Name"
"HRTP","172967424","2297907","US1729674242","52499.000","31499.40","USD","DTC - USA","03 Feb 2026 00:33:30","","27 Feb 2026","OPEN","08","CITIGROUP INC","COMMON STOCK USD.01","     "," "," "," "
"HRTP","949746101","2649100","US9497461015","64995.000","29247.75","USD","DTC - USA","07 Feb 2026 00:30:19","","02 Mar 2026","OPEN","08","WELLS FARGO + CO","COMMON STOCK USD1.666","     "," "," "," "
"HRTP","89832Q109","BKP7287","US89832Q1094","123583.000","64263.16","USD","DTC - USA","14 Feb 2026 00:30:42","","02 Mar 2026","OPEN","08","TRUIST FINANCIAL CORP","COMMON STOCK USD5.0","     "," "," "," "
"HRTP","172967424","2297907","US1729674242","52499.000","-4724.91","USD","DTC - USA","18 Feb 2026 05:07:25","","27 Feb 2026","PEND","08","CITIGROUP INC","COMMON STOCK USD.01","     "," "," "," "
"HRQR","136385952","2171573","CA1363851017","400.000","-22883.52","CAD","CAN - CANADA","19 Feb 2026 04:58:58","18 Feb 2026","19 Feb 2026","SETL","BUY","CANADIAN NATURAL RESOURCES","COMMON STOCK","A2981","TORONTO DOMINION SECURITIES INC","A2981","TORONTO DOMINION SECURITIES INC"
"HRT0","30231G102","2326618","US30231G1022","15458.000","15921.74","USD","DTC - USA","13 Feb 2026 00:36:06","","10 Mar 2026","OPEN","08","EXXON MOBIL CORP","COMMON STOCK","     "," "," "," "
"HRT0","03743Q108","BNNF1C1","US03743Q1085","76840.000","-2881.50","USD","DTC - USA","18 Feb 2026 05:07:25","","23 Feb 2026","PEND","08","APA CORP","COMMON STOCK USD.625","     "," "," "," "
"HRTG","431284108","2420640","US4312841087","20746.000","-1555.95","USD","DTC - USA","18 Feb 2026 05:07:26","","10 Mar 2026","PEND","08","HIGHWOODS PROPERTIES INC","REIT USD.01","     "," "," "," "
"HRTG","         ","       ","            ","0.000","2021010.16","CAD","CM8 - CAPITAL MARKETS","08 Jan 2026 14:19:20","","26 Feb 2026","PEND","MT304 - BUY"," "," ","A1201","CANADIAN IMPERIAL BANK OF COMMERCE"," "," "
"HRTG","         ","       ","            ","0.000","22619490.18","CAD","CM8 - CAPITAL MARKETS","11 Feb 2026 12:55:02","","26 Mar 2026","PEND","MT304 - BUY"," "," ","A1201","CANADIAN IMPERIAL BANK OF COMMERCE"," "," "
"HRTG","         ","       ","            ","0.000","-437242.86","CAD","CM8 - CAPITAL MARKETS","22 Jan 2026 14:41:25","","26 Feb 2026","PEND","MT304 - SELL"," "," ","A1201","CANADIAN IMPERIAL BANK OF COMMERCE"," "," "
"HRAZ","         ","       ","            ","0.000","-91342000.00","USD","CM3 - CAPITAL MARKETS","29 Jan 2026 11:44:54","","05 Mar 2026","PEND","MT304 - SELL"," "," ","A1201","CANADIAN IMPERIAL BANK OF COMMERCE"," "," "
"HRAZ","         ","       ","            ","0.000","-58116000.00","USD","CM3 - CAPITAL MARKETS","11 Feb 2026 12:55:02","","26 Mar 2026","PEND","MT304 - SELL"," "," ","A8966","TORONTO DOMINION BANK"," "," "
"HRVM","         ","       ","            ","0.000","-68020000.00","USD","CM3 - CAPITAL MARKETS","19 Feb 2026 00:20:55","","19 Feb 2026","PAID","01183"," "," ","A5075","BANQUE NATIONALE DU CANADA"," "," "
"HRVM","         ","       ","            ","0.000","83090000.00","USD","CM3 - CAPITAL MARKETS","19 Feb 2026 00:20:55","","19 Feb 2026","PAID","01179"," "," ","A5075","BANQUE NATIONALE DU CANADA"," "," "
"HRTJ","92826C839","B2PZN04","US92826C8394","1111.000","-111.66","USD","DTC - USA","18 Feb 2026 05:07:25","","02 Mar 2026","PEND","08","VISA INC CLASS A SHARES","COMMON STOCK USD.0001","     "," "," "," "
"HRVG","         ","       ","            ","0.000","-10766000.00","USD","CM3 - CAPITAL MARKETS","29 Jan 2026 11:44:54","","05 Mar 2026","PEND","MT304 - SELL"," "," ","A1201","CANADIAN IMPERIAL BANK OF COMMERCE"," "," "
"HRVP","149123101","2180201","US1491231015","3522.000","5318.22","USD","DTC - USA","19 Feb 2026 03:30:56","","19 Feb 2026","PEND","08","CATERPILLAR INC","COMMON STOCK USD1.0","     "," "," "," "
"HRTU","         ","       ","            ","0.000","-145463000.00","USD","CM3 - CAPITAL MARKETS","18 Feb 2026 11:20:27","","02 Apr 2026","PEND","MT304 - SELL"," "," ","63654","ROYAL BANK OF CANADA"," "," "
"HRTU","         ","       ","            ","0.000","176687003.10","CAD","CM8 - CAPITAL MARKETS","04 Feb 2026 12:28:13","","20 Mar 2026","PEND","MT304 - BUY"," "," ","63654","ROYAL BANK OF CANADA"," "," "
"HRTU","         ","       ","            ","0.000","158988803.59","CAD","CM8 - CAPITAL MARKETS","29 Jan 2026 11:44:54","","05 Mar 2026","PEND","MT304 - BUY"," "," ","A5193","BANK OF MONTREAL"," "," "
"HRTE","         ","       ","            ","0.000","-34835000.00","USD","CM3 - CAPITAL MARKETS","04 Feb 2026 12:28:13","","20 Mar 2026","PEND","MT304 - SELL"," "," ","A5075","BANQUE NATIONALE DU CANADA"," "," "
"HRTE","         ","       ","            ","0.000","-76241000.00","USD","CM3 - CAPITAL MARKETS","19 Feb 2026 00:20:55","","19 Feb 2026","PAID","01183"," "," ","A5075","BANQUE NATIONALE DU CANADA"," "," "
"HRTE","         ","       ","            ","0.000","-62627000.00","USD","CM3 - CAPITAL MARKETS","11 Feb 2026 12:55:02","","26 Mar 2026","PEND","MT304 - SELL"," "," ","A5193","BANK OF MONTREAL"," "," "
"HRVQ","         ","       ","            ","0.000","37647145.20","CAD","CM8 - CAPITAL MARKETS","18 Feb 2026 11:20:27","","02 Apr 2026","PEND","MT304 - BUY"," "," ","A5075","BANQUE NATIONALE DU CANADA"," "," "
"HRVQ","         ","       ","            ","0.000","26000000.00","USD","CM3 - CAPITAL MARKETS","19 Feb 2026 00:20:55","","19 Feb 2026","PAID","01179"," "," ","A5075","BANQUE NATIONALE DU CANADA"," "," "
"HRVR","532457108","2516152","US5324571083","69819.000","-18118.03","USD","DTC - USA","18 Feb 2026 05:07:25","","10 Mar 2026","PEND","08","ELI LILLY + CO","COMMON STOCK","     "," "," "," "
"HRQM","063671952","2076009","CA0636711016","11776.000","19665.92","CAD","CAN - CANADA","29 Jan 2026 09:35:31","","26 Feb 2026","OPEN","CDIV","BANK OF MONTREAL","COMMON STOCK","     "," "," "," "
"HRQM","349553958","2347200","CA3495531079","24440.000","15641.60","CAD","CAN - CANADA","17 Feb 2026 09:57:19","","01 Mar 2026","OPEN","CDIV","FORTIS INC","COMMON STOCK","     "," "," "," "
"HRQN","87262K956","B8KH5G7","CA87262K1057","1191.000","285.84","CAD","CAN - CANADA","19 Feb 2026 02:33:24","","06 Mar 2026","OPEN","CDIV","TMX GROUP LTD","COMMON STOCK","     "," "," "," "
"HRQN","87262K956","B8KH5G7","CA87262K1057","63.000","15.12","CAD","CAN - CANADA","19 Feb 2026 02:33:24","","06 Mar 2026","OPEN","CDIV","TMX GROUP LTD","COMMON STOCK","     "," "," "," "
"HRQS","29250N956","2466149","CA29250N1050","900.000","62705.52","CAD","CAN - CANADA","19 Feb 2026 04:59:02","18 Feb 2026","19 Feb 2026","SETL","SELL","ENBRIDGE INC","COMMON STOCK","A2981","TORONTO DOMINION SECURITIES INC","A2981","TORONTO DOMINION SECURITIES INC"
"HRT9","99997Z109","       ","CA99997Z1099","1.000","-12489.41","CAD","CAN - CANADA","19 Feb 2026 04:14:34","18 Feb 2026","19 Feb 2026","PAUT","BUY","SETTLE MONEY ONLY","EQUITY CAD","98558","NATIONAL BANK FINANCIAL INC","98558","NATIONAL BANK FINANCIAL INC"
"HRTR","         ","       ","            ","0.000","22029129.30","CAD","CM8 - CAPITAL MARKETS","29 Jan 2026 11:49:50","","05 Mar 2026","PEND","MT304 - BUY"," "," ","A8966","TORONTO DOMINION BANK"," "," "
"HRTA","         ","       ","            ","0.000","72564073.91","CAD","CM8 - CAPITAL MARKETS","04 Feb 2026 12:28:13","","20 Mar 2026","PEND","MT304 - BUY"," "," ","A5075","BANQUE NATIONALE DU CANADA"," "," "
"HRTA","         ","       ","            ","0.000","39780871.90","CAD","CM8 - CAPITAL MARKETS","11 Feb 2026 12:55:02","","26 Mar 2026","PEND","MT304 - BUY"," "," ","A5193","BANK OF MONTREAL"," "," "
"HRTA","         ","       ","            ","0.000","66648277.17","CAD","CM8 - CAPITAL MARKETS","29 Jan 2026 11:44:54","","05 Mar 2026","PEND","MT304 - BUY"," "," ","A8966","TORONTO DOMINION BANK"," "," "
"HRTM","         ","       ","            ","0.000","-16743000.00","USD","CM3 - CAPITAL MARKETS","29 Jan 2026 11:49:50","","05 Mar 2026","PEND","MT304 - SELL"," "," ","A8966","TORONTO DOMINION BANK"," "," "
"HRTM","         ","       ","            ","0.000","13083653.69","CAD","CM8 - CAPITAL MARKETS","08 Jan 2026 14:19:20","","26 Feb 2026","PEND","MT304 - BUY"," "," ","A1201","CANADIAN IMPERIAL BANK OF COMMERCE"," "," "
"HRVY","99997Z109","       ","CA99997Z1099","1.000","162468.46","CAD","CAN - CANADA","19 Feb 2026 04:20:32","18 Feb 2026","19 Feb 2026","PAUT","SELL","SETTLE MONEY ONLY","EQUITY CAD","A2981","TORONTO DOMINION SECURITIES INC","A2981","TORONTO DOMINION SECURITIES INC"
"HRCL","532457108","2516152","US5324571083","459.000","794.07","USD","DTC - USA","14 Feb 2026 00:30:26","","10 Mar 2026","OPEN","08","ELI LILLY + CO","COMMON STOCK","     "," "," "," "
"HRCL","30231G102","2326618","US30231G1022","2678.000","-827.50","USD","DTC - USA","18 Feb 2026 05:07:26","","10 Mar 2026","PEND","08","EXXON MOBIL CORP","COMMON STOCK","     "," "," "," "
"HRTB","         ","       ","            ","0.000","-9042000.00","USD","CM3 - CAPITAL MARKETS","19 Feb 2026 00:20:55","","19 Feb 2026","PAID","01183"," "," ","63654","ROYAL BANK OF CANADA"," "," "
"HRTB","         ","       ","            ","0.000","-6350000.00","USD","CM3 - CAPITAL MARKETS","04 Feb 2026 12:28:13","","20 Mar 2026","PEND","MT304 - SELL"," "," ","63654","ROYAL BANK OF CANADA"," "," "
"HRTF","008474959","2009823","CA0084741085","400.000","-120948.00","CAD","CAN - CANADA","18 Feb 2026 19:17:19","18 Feb 2026","19 Feb 2026","AUTM","BUY","AGNICO EAGLE MINES LTD","COMMON STOCK","C4665","FIDELITY CLEARING CANADA","C4665","FIDELITY CLEARING CANADA"
"HRTF","26139R950","BPCR7W4","CA26139R1091","64300.000","-3331813.81","CAD","CAN - CANADA","18 Feb 2026 17:00:00","18 Feb 2026","19 Feb 2026","AUTM","BUY","DPM METALS INC","COMMON STOCK","93416","CAISSE CENTRALE DESJARDINS","93944","VALEURS MOBILIERES DESJARDINS"
"HRTF","29446Y940","BKLNP13","CA29446Y5020","17900.000","-384313.00","CAD","CAN - CANADA","18 Feb 2026 19:17:19","18 Feb 2026","19 Feb 2026","AUTM","BUY","EQUINOX GOLD CORP","COMMON STOCK","C4665","FIDELITY CLEARING CANADA","C4665","FIDELITY CLEARING CANADA"
"HRAX","99997Z109","       ","CA99997Z1099","1.000","-56554.38","CAD","CAN - CANADA","18 Feb 2026 04:21:13","17 Feb 2026","18 Feb 2026","PAUT","BUY","SETTLE MONEY ONLY","EQUITY CAD","A4595","CIBC WORLD MKTS INC","A4595","CIBC WORLD MKTS INC"
"HRTX","BQSSWW906","BQSSWW3","NO0010715139","1296.000","151396.35","NOK","NO3 - NORWAY","19 Feb 2026 06:21:33","18 Feb 2026","20 Feb 2026","AUTM","SELL","SCATEC ASA","COMMON STOCK NOK.025","E0155","ABN AMRO CLEARING BANK N.V.","     "," "
"HRTX","B39GNW904","B39GNW2","ES0127797019","1032.000","13767.56","EUR","PT5 - PORTUGAL","19 Feb 2026 06:38:27","18 Feb 2026","20 Feb 2026","AUTE","SELL","EDP RENOVAVEIS SA","COMMON STOCK EUR5.0","A3113","VIRTU ITG EUROPE LIMITED","     "," "
"HRTX","BZ2JBQ900","BZ2JBQ2","ES0105079000","144.000","15397.21","EUR","ES6 - SPAIN","19 Feb 2026 06:36:20","18 Feb 2026","20 Feb 2026","AUTE","SELL","GRENERGY RENOVABLES","COMMON STOCK","A3113","VIRTU ITG EUROPE LIMITED","     "," "
"HRTX","BMYDHR909","BMYDHR4","DK0061412772","2864.000","181450.50","NOK","NO3 - NORWAY","19 Feb 2026 06:21:33","18 Feb 2026","20 Feb 2026","AUTM","SELL","CADELER A/S","COMMON STOCK DKK1.0","E0155","ABN AMRO CLEARING BANK N.V.","     "," "
"HRTX","         ","       ","            ","0.000","-92000.00","NZD","CM8 - CAPITAL MARKETS","18 Feb 2026 16:16:19","","20 Feb 2026","PEND","MT304 - SELL"," "," ","A8966","TORONTO DOMINION BANK"," "," "
"HRV1","99997Z109","       ","CA99997Z1099","1.000","50365.60","CAD","CAN - CANADA","19 Feb 2026 04:20:32","18 Feb 2026","19 Feb 2026","PAUT","SELL","SETTLE MONEY ONLY","EQUITY CAD","A2777","BMO NESBITT BURNS  INC","A2777","BMO NESBITT BURNS  INC"
"HRTH","532457108","2516152","US5324571083","60399.000","-15673.54","USD","DTC - USA","18 Feb 2026 05:07:26","","10 Mar 2026","PEND","08","ELI LILLY + CO","COMMON STOCK","     "," "," "," "
"HRTP","949746101","2649100","US9497461015","64995.000","-4387.16","USD","DTC - USA","18 Feb 2026 05:07:25","","01 Mar 2026","PEND","08","WELLS FARGO + CO","COMMON STOCK USD1.666","     "," "," "," "
"HRTG","         ","       ","            ","0.000","-16715000.00","USD","CM3 - CAPITAL MARKETS","11 Feb 2026 12:55:02","","26 Mar 2026","PEND","MT304 - SELL"," "," ","A1201","CANADIAN IMPERIAL BANK OF COMMERCE"," "," "
"HRTG","         ","       ","            ","0.000","270000.00","EUR","CM8 - CAPITAL MARKETS","22 Jan 2026 14:41:25","","26 Feb 2026","PEND","MT304 - BUY"," "," ","A1201","CANADIAN IMPERIAL BANK OF COMMERCE"," "," "
"HRTG","         ","       ","            ","0.000","-872617.27","CAD","CM8 - CAPITAL MARKETS","22 Jan 2026 14:41:25","","26 Feb 2026","PEND","MT304 - SELL"," "," ","A1201","CANADIAN IMPERIAL BANK OF COMMERCE"," "," "
"HRTG","         ","       ","            ","0.000","-207193.80","CAD","CM8 - CAPITAL MARKETS","22 Jan 2026 14:41:25","","26 Feb 2026","PEND","MT304 - SELL"," "," ","A1201","CANADIAN IMPERIAL BANK OF COMMERCE"," "," "
"HRTG","         ","       ","            ","0.000","-384708.87","CAD","CM8 - CAPITAL MARKETS","22 Jan 2026 14:36:29","","26 Feb 2026","PEND","MT304 - SELL"," "," ","A1201","CANADIAN IMPERIAL BANK OF COMMERCE"," "," "
"HRAZ","         ","       ","            ","0.000","78645186.42","CAD","CM8 - CAPITAL MARKETS","11 Feb 2026 12:55:02","","26 Mar 2026","PEND","MT304 - BUY"," "," ","A1201","CANADIAN IMPERIAL BANK OF COMMERCE"," "," "
"HRVP","701094104","2671501","US7010941042","2931.000","5275.80","USD","DTC - USA","07 Feb 2026 00:30:14","","06 Mar 2026","OPEN","08","PARKER HANNIFIN CORP","COMMON STOCK USD.5","     "," "," "," "
"HRVP","911312106","2517382","US9113121068","25556.000","41911.84","USD","DTC - USA","18 Feb 2026 00:30:55","","05 Mar 2026","OPEN","08","UNITED PARCEL SERVICE CL B","COMMON STOCK USD.01","     "," "," "," "
"HRVP","911312106","2517382","US9113121068","25556.000","-6286.78","USD","DTC - USA","18 Feb 2026 05:07:25","","05 Mar 2026","PEND","08","UNITED PARCEL SERVICE CL B","COMMON STOCK USD.01","     "," "," "," "
"HRTU","         ","       ","            ","0.000","158948261.26","CAD","CM8 - CAPITAL MARKETS","29 Jan 2026 11:44:54","","05 Mar 2026","PEND","MT304 - BUY"," "," ","A1201","CANADIAN IMPERIAL BANK OF COMMERCE"," "," "
"HRTU","         ","       ","            ","0.000","137677000.00","USD","CM3 - CAPITAL MARKETS","19 Feb 2026 00:20:55","","19 Feb 2026","PAID","01179"," "," ","A5075","BANQUE NATIONALE DU CANADA"," "," "
"HRTE","         ","       ","            ","0.000","-34835000.00","USD","CM3 - CAPITAL MARKETS","04 Feb 2026 12:28:13","","20 Mar 2026","PEND","MT304 - SELL"," "," ","63654","ROYAL BANK OF CANADA"," "," "
"HRTE","         ","       ","            ","0.000","98018980.22","CAD","CM8 - CAPITAL MARKETS","18 Feb 2026 11:20:27","","02 Apr 2026","PEND","MT304 - BUY"," "," ","A5075","BANQUE NATIONALE DU CANADA"," "," "
"HRTE","         ","       ","            ","0.000","76241000.00","USD","CM3 - CAPITAL MARKETS","19 Feb 2026 00:20:55","","19 Feb 2026","PAID","01179"," "," ","63654","ROYAL BANK OF CANADA"," "," "
"HRTE","         ","       ","            ","0.000","105090899.36","CAD","CM8 - CAPITAL MARKETS","19 Feb 2026 08:32:00","","19 Feb 2026","PAID","600"," "," ","A5075","BANQUE NATIONALE DU CANADA"," "," "
"HRQA","136717956","2172639","CA1367178326","105294.000","48677.42","CAD","CAN - CANADA","04 Feb 2026 02:34:18","","01 Mar 2026","OPEN","CDIV","CANADIAN UTILITIES LTD A","COMMON STOCK","     "," "," "," "
"HRQA","99997Z109","       ","CA99997Z1099","1.000","-2336.98","CAD","CAN - CANADA","19 Feb 2026 04:14:31","18 Feb 2026","19 Feb 2026","PAUT","BUY","SETTLE MONEY ONLY","EQUITY CAD","90065","RBC DOMINION SECURITIES INC.","90065","RBC DOMINION SECURITIES INC."
"HRQA","29250N956","2466149","CA29250N1050","71334.000","69193.98","CAD","CAN - CANADA","17 Feb 2026 09:57:19","","01 Mar 2026","OPEN","CDIV","ENBRIDGE INC","COMMON STOCK","     "," "," "," "
"HRQA","349553958","2347200","CA3495531079","22317.000","14282.88","CAD","CAN - CANADA","13 Feb 2026 13:36:34","","01 Mar 2026","OPEN","CDIV","FORTIS INC","COMMON STOCK","     "," "," "," "
"HRVQ","         ","       ","            ","0.000","-26000000.00","USD","CM3 - CAPITAL MARKETS","19 Feb 2026 00:20:55","","19 Feb 2026","PAID","01183"," "," ","A5075","BANQUE NATIONALE DU CANADA"," "," "
"HRVQ","         ","       ","            ","0.000","35838504.00","CAD","CM8 - CAPITAL MARKETS","19 Feb 2026 08:32:00","","19 Feb 2026","PAID","600"," "," ","A5075","BANQUE NATIONALE DU CANADA"," "," "
"HRV5","99997Z109","       ","CA99997Z1099","1.000","-340604.51","CAD","CAN - CANADA","19 Feb 2026 04:14:24","18 Feb 2026","19 Feb 2026","PAUT","BUY","SETTLE MONEY ONLY","EQUITY CAD","A2981","TORONTO DOMINION SECURITIES INC","A2981","TORONTO DOMINION SECURITIES INC"
"HRQN","12532H955","BJ2L575","CA12532H1047","1057.000","179.69","CAD","CAN - CANADA","18 Feb 2026 09:32:07","","20 Mar 2026","OPEN","CDIV","CGI INC","COMMON STOCK","     "," "," "," "
"HRT9","149123101","2180201","US1491231015","33389.000","50417.39","USD","DTC - USA","19 Feb 2026 03:30:56","","19 Feb 2026","PEND","08","CATERPILLAR INC","COMMON STOCK USD1.0","     "," "," "," "
"HRT9","949746101","2649100","US9497461015","249442.000","112248.90","USD","DTC - USA","07 Feb 2026 00:30:19","","02 Mar 2026","OPEN","08","WELLS FARGO + CO","COMMON STOCK USD1.666","     "," "," "," "
"HRTR","         ","       ","            ","0.000","30836393.82","CAD","CM8 - CAPITAL MARKETS","11 Feb 2026 12:55:02","","26 Mar 2026","PEND","MT304 - BUY"," "," ","A1201","CANADIAN IMPERIAL BANK OF COMMERCE"," "," "
"HRQD","99997Z109","       ","CA99997Z1099","1.000","69677.77","CAD","CAN - CANADA","19 Feb 2026 04:20:32","18 Feb 2026","19 Feb 2026","PAUT","SELL","SETTLE MONEY ONLY","EQUITY CAD","A2981","TORONTO DOMINION SECURITIES INC","A2981","TORONTO DOMINION SECURITIES INC"
"HRTA","         ","       ","            ","0.000","-45079000.00","USD","CM3 - CAPITAL MARKETS","19 Feb 2026 00:20:55","","19 Feb 2026","PAID","01183"," "," ","63654","ROYAL BANK OF CANADA"," "," "
"HRTA","         ","       ","            ","0.000","-53161000.00","USD","CM3 - CAPITAL MARKETS","04 Feb 2026 12:28:13","","20 Mar 2026","PEND","MT304 - SELL"," "," ","A5075","BANQUE NATIONALE DU CANADA"," "," "
"HRTA","         ","       ","            ","0.000","39756825.97","CAD","CM8 - CAPITAL MARKETS","11 Feb 2026 12:55:02","","26 Mar 2026","PEND","MT304 - BUY"," "," ","A8966","TORONTO DOMINION BANK"," "," "
"HRTA","         ","       ","            ","0.000","39779990.02","CAD","CM8 - CAPITAL MARKETS","11 Feb 2026 12:55:02","","26 Mar 2026","PEND","MT304 - BUY"," "," ","A1201","CANADIAN IMPERIAL BANK OF COMMERCE"," "," "
"HRTA","         ","       ","            ","0.000","-29396000.00","USD","CM3 - CAPITAL MARKETS","11 Feb 2026 12:55:02","","26 Mar 2026","PEND","MT304 - SELL"," "," ","A1201","CANADIAN IMPERIAL BANK OF COMMERCE"," "," "
"HRTA","         ","       ","            ","0.000","-49194000.00","USD","CM3 - CAPITAL MARKETS","29 Jan 2026 11:44:54","","05 Mar 2026","PEND","MT304 - SELL"," "," ","A1201","CANADIAN IMPERIAL BANK OF COMMERCE"," "," "
"HRTM","         ","       ","            ","0.000","-16743000.00","USD","CM3 - CAPITAL MARKETS","29 Jan 2026 11:44:54","","05 Mar 2026","PEND","MT304 - SELL"," "," ","A1201","CANADIAN IMPERIAL BANK OF COMMERCE"," "," "
"HRTM","         ","       ","            ","0.000","22646414.37","CAD","CM8 - CAPITAL MARKETS","29 Jan 2026 11:44:54","","05 Mar 2026","PEND","MT304 - BUY"," "," ","A1201","CANADIAN IMPERIAL BANK OF COMMERCE"," "," "
"HRTM","         ","       ","            ","0.000","148000.00","GBP","CM8 - CAPITAL MARKETS","19 Feb 2026 00:00:00","","19 Feb 2026","PAID","600"," "," ","A1201","CANADIAN IMPERIAL BANK OF COMMERCE"," "," "
"HRTM","         ","       ","            ","0.000","-7018427.04","CAD","CM8 - CAPITAL MARKETS","17 Feb 2026 13:10:14","","19 Feb 2026","PEND","MT304 - SELL"," "," ","A1201","CANADIAN IMPERIAL BANK OF COMMERCE"," "," "
"HRTM","466160009","4661607","AT0000746409","23000.000","-1348140.44","EUR","AT2 - AUSTRIA","19 Feb 2026 00:16:34","17 Feb 2026","19 Feb 2026","SETL","BUY","VERBUND AG","COMMON STOCK","A0455","INSTINET U.K. LTD","     "," "
"HRVY","99997Z109","       ","CA99997Z1099","1.000","-324936.93","CAD","CAN - CANADA","19 Feb 2026 04:14:29","18 Feb 2026","19 Feb 2026","PAUT","BUY","SETTLE MONEY ONLY","EQUITY CAD","90065","RBC DOMINION SECURITIES INC.","90065","RBC DOMINION SECURITIES INC."
"HRQH","99997Z109","       ","CA99997Z1099","1.000","-138246.04","CAD","CAN - CANADA","19 Feb 2026 04:14:31","18 Feb 2026","19 Feb 2026","PAUT","BUY","SETTLE MONEY ONLY","EQUITY CAD","90065","RBC DOMINION SECURITIES INC.","90065","RBC DOMINION SECURITIES INC."
"HRTB","         ","       ","            ","0.000","9042000.00","USD","CM3 - CAPITAL MARKETS","19 Feb 2026 00:20:55","","19 Feb 2026","PAID","01179"," "," ","A5075","BANQUE NATIONALE DU CANADA"," "," "
"HRTF","644535106","B043N83","CA6445351068","217000.000","-2447087.30","USD","DTC - USA","19 Feb 2026 05:13:51","18 Feb 2026","19 Feb 2026","SREC","BUY","NEW GOLD INC","COMMON STOCK","94679","PERSHING LLC","00443","PERSHING LLC"
"HRRA","99997Z208","       ","US99997Z2083","1.000","-16.03","USD","CAN - CANADA","19 Feb 2026 04:14:27","18 Feb 2026","19 Feb 2026","PAUT","BUY","SETTLE MONEY ONLY","EQUITY USD","A2981","TORONTO DOMINION SECURITIES INC","A2981","TORONTO DOMINION SECURITIES INC"
"HRTS","717081103","2684703","US7170811035","72800.000","31304.00","USD","DTC - USA","24 Jan 2026 00:30:10","","06 Mar 2026","OPEN","08","PFIZER INC","COMMON STOCK USD.05","     "," "," "," "
"HRTX","615252905","6152529","NZCENE0001S6","68280.000","921.78","NZD","NZ4 - NEWZEALAND","17 Feb 2026 02:32:32","","25 Mar 2026","OPEN","CDIV","CONTACT ENERGY LTD","COMMON STOCK","     "," "," "," "
"HRTX","BTQGS7908","BTQGS77","GB00BTQGS779","352.000","12714.39","EUR","GBB - UK","19 Feb 2026 06:38:24","18 Feb 2026","20 Feb 2026","AUTM","SELL","METLEN ENERGY + METALS","COMMON STOCK EUR1.0","A3113","VIRTU ITG EUROPE LIMITED","E4347","BNP PARIBAS SECURITIES SERVICE"
"HRTX","BYT16L900","BYT16L4","DK0060094928","728.000","112033.52","DKK","DK2 - DENMARK","19 Feb 2026 06:21:33","18 Feb 2026","20 Feb 2026","AUTM","SELL","ORSTED A/S","COMMON STOCK DKK10.0","E0155","ABN AMRO CLEARING BANK N.V.","     "," "
"HRTX","B1FQQK902","B1FQQK1","DE000A0JL9W6","536.000","13401.33","EUR","DEF - GERMANY","19 Feb 2026 06:26:52","18 Feb 2026","20 Feb 2026","AUTM","SELL","VERBIO SE","COMMON STOCK","A3113","VIRTU ITG EUROPE LIMITED","     "," "
"HRTX","BP7L89904","BP7L895","ES0105563003","632.000","14045.84","EUR","ES6 - SPAIN","19 Feb 2026 06:36:20","18 Feb 2026","20 Feb 2026","AUTE","SELL","CORP ACCIONA ENERGIAS RENOVA","COMMON STOCK","A3113","VIRTU ITG EUROPE LIMITED","     "," "
"HRTX","         ","       ","            ","0.000","47821.95","CAD","CM8 - CAPITAL MARKETS","18 Feb 2026 16:16:19","","20 Feb 2026","PEND","MT304 - BUY"," "," ","A8966","TORONTO DOMINION BANK"," "," "
"HRTX","         ","       ","            ","0.000","180723.20","CAD","CM8 - CAPITAL MARKETS","18 Feb 2026 16:16:19","","20 Feb 2026","PEND","MT304 - BUY"," "," ","A8966","TORONTO DOMINION BANK"," "," "
"HRTX","466160009","4661607","AT0000746409","600.000","-34714.66","EUR","AT2 - AUSTRIA","19 Feb 2026 00:15:31","17 Feb 2026","19 Feb 2026","SETL","BUY","VERBUND AG","COMMON STOCK","A0455","INSTINET U.K. LTD","     "," "
"HRTH","99997Z109","       ","CA99997Z1099","1.000","-6424.60","CAD","CAN - CANADA","19 Feb 2026 04:14:28","18 Feb 2026","19 Feb 2026","PAUT","BUY","SETTLE MONEY ONLY","EQUITY CAD","A4595","CIBC WORLD MKTS INC","A4595","CIBC WORLD MKTS INC"
"HRTH","         ","       ","            ","0.000","3527147.07","CAD","CM8 - CAPITAL MARKETS","19 Feb 2026 08:32:00","","19 Feb 2026","PAID","805"," "," ","     "," "," "," "
"HRQ1","780087953","2754383","CA7800871021","63012.000","103339.68","CAD","CAN - CANADA","23 Jan 2026 12:29:55","","24 Feb 2026","OPEN","CDIV","ROYAL BANK OF CANADA","COMMON STOCK","     "," "," "," "
"HRT0","806857108","2779201","AN8068571086","43282.000","12768.19","USD","DTC - USA","12 Feb 2026 00:30:13","","02 Apr 2026","OPEN","08","SLB LTD","COMMON STOCK USD.01","     "," "," "," "
"HRT0","166764100","2838555","US1667641005","12186.000","21691.08","USD","DTC - USA","18 Feb 2026 00:30:17","","10 Mar 2026","OPEN","08","CHEVRON CORP","COMMON STOCK USD.75","     "," "," "," "
"HRTG","42250P103","BJBLRK3","US42250P1030","41378.000","4206.90","USD","DTC - USA","14 Feb 2026 00:30:23","","27 Feb 2026","OPEN","08","HEALTHPEAK PROPERTIES INC","REIT USD1.0","     "," "," "," "
"HRTG","656387909","6563875","SG1M77906915","570800.000","3590.33","SGD","SG4 - SINGAPORE","11 Feb 2026 03:02:43","","13 Mar 2026","OPEN","CDIV","CAPITALAND ASCENDAS REIT","REIT","     "," "," "," "
"HRTG","656387909","6563875","SG1M77906915","570800.000","30900.26","SGD","SG4 - SINGAPORE","11 Feb 2026 03:02:46","","13 Mar 2026","OPEN","CDIV","CAPITALAND ASCENDAS REIT","REIT","     "," "," "," "
"HRTG","         ","       ","            ","0.000","-1162000.00","CHF","CM8 - CAPITAL MARKETS","08 Jan 2026 14:19:20","","26 Feb 2026","PEND","MT304 - SELL"," "," ","A1201","CANADIAN IMPERIAL BANK OF COMMERCE"," "," "
"HRTG","         ","       ","            ","0.000","170000.00","AUD","CM8 - CAPITAL MARKETS","29 Jan 2026 13:48:08","","26 Feb 2026","PEND","MT304 - BUY"," "," ","A1201","CANADIAN IMPERIAL BANK OF COMMERCE"," "," "
"HRAZ","         ","       ","            ","0.000","-58116000.00","USD","CM3 - CAPITAL MARKETS","11 Feb 2026 12:55:02","","26 Mar 2026","PEND","MT304 - SELL"," "," ","A1201","CANADIAN IMPERIAL BANK OF COMMERCE"," "," "
"HRAZ","         ","       ","            ","0.000","78599391.01","CAD","CM8 - CAPITAL MARKETS","11 Feb 2026 12:55:02","","26 Mar 2026","PEND","MT304 - BUY"," "," ","A8966","TORONTO DOMINION BANK"," "," "
"HRVM","         ","       ","            ","0.000","112605884.96","CAD","CM8 - CAPITAL MARKETS","18 Feb 2026 11:20:27","","02 Apr 2026","PEND","MT304 - BUY"," "," ","A5075","BANQUE NATIONALE DU CANADA"," "," "
"HRVM","         ","       ","            ","0.000","-812437.75","CAD","CM8 - CAPITAL MARKETS","19 Feb 2026 08:32:00","","19 Feb 2026","PAID","805"," "," ","     "," "," "," "
"HRQJ","99997Z109","       ","CA99997Z1099","1.000","-42634.81","CAD","CAN - CANADA","19 Feb 2026 04:14:25","18 Feb 2026","19 Feb 2026","PAUT","BUY","SETTLE MONEY ONLY","EQUITY CAD","A2981","TORONTO DOMINION SECURITIES INC","A2981","TORONTO DOMINION SECURITIES INC"
"HRVG","         ","       ","            ","0.000","-10766000.00","USD","CM3 - CAPITAL MARKETS","29 Jan 2026 11:44:54","","05 Mar 2026","PEND","MT304 - SELL"," "," ","A8966","TORONTO DOMINION BANK"," "," "
"HRVG","         ","       ","            ","0.000","11139912.84","CAD","CM8 - CAPITAL MARKETS","11 Feb 2026 12:50:06","","26 Mar 2026","PEND","MT304 - BUY"," "," ","A1201","CANADIAN IMPERIAL BANK OF COMMERCE"," "," "
"HRVG","         ","       ","            ","0.000","-8232000.00","USD","CM3 - CAPITAL MARKETS","11 Feb 2026 12:50:06","","26 Mar 2026","PEND","MT304 - SELL"," "," ","A1201","CANADIAN IMPERIAL BANK OF COMMERCE"," "," "
"HRQP","532457108","2516152","US5324571083","3964.000","6857.72","USD","DTC - USA","14 Feb 2026 00:30:26","","10 Mar 2026","OPEN","08","ELI LILLY + CO","COMMON STOCK","     "," "," "," "
"HRTU","         ","       ","            ","0.000","189886183.56","CAD","CM8 - CAPITAL MARKETS","19 Feb 2026 08:32:00","","19 Feb 2026","PAID","600"," "," ","63654","ROYAL BANK OF CANADA"," "," "
"HRTU","         ","       ","            ","0.000","-137677000.00","USD","CM3 - CAPITAL MARKETS","19 Feb 2026 00:20:55","","19 Feb 2026","PAID","01183"," "," ","63654","ROYAL BANK OF CANADA"," "," "
"HRTU","         ","       ","            ","0.000","176623857.85","CAD","CM8 - CAPITAL MARKETS","04 Feb 2026 12:28:13","","20 Mar 2026","PEND","MT304 - BUY"," "," ","A5075","BANQUE NATIONALE DU CANADA"," "," "
"HRTU","         ","       ","            ","0.000","198270141.96","CAD","CM8 - CAPITAL MARKETS","18 Feb 2026 11:20:27","","02 Apr 2026","PEND","MT304 - BUY"," "," ","63654","ROYAL BANK OF CANADA"," "," "
"HRTU","         ","       ","            ","0.000","-117514000.00","USD","CM3 - CAPITAL MARKETS","29 Jan 2026 11:44:54","","05 Mar 2026","PEND","MT304 - SELL"," "," ","A1201","CANADIAN IMPERIAL BANK OF COMMERCE"," "," "
"HRTU","         ","       ","            ","0.000","198415459.50","CAD","CM8 - CAPITAL MARKETS","18 Feb 2026 11:20:27","","02 Apr 2026","PEND","MT304 - BUY"," "," ","A5075","BANQUE NATIONALE DU CANADA"," "," "
"HRTU","         ","       ","            ","0.000","-95120000.00","USD","CM3 - CAPITAL MARKETS","11 Feb 2026 12:55:02","","26 Mar 2026","PEND","MT304 - SELL"," "," ","A1201","CANADIAN IMPERIAL BANK OF COMMERCE"," "," "
"HRTE","         ","       ","            ","0.000","105152730.82","CAD","CM8 - CAPITAL MARKETS","19 Feb 2026 08:32:00","","19 Feb 2026","PAID","600"," "," ","63654","ROYAL BANK OF CANADA"," "," "
"HRTE","         ","       ","            ","0.000","59482713.53","CAD","CM8 - CAPITAL MARKETS","29 Jan 2026 11:44:54","","05 Mar 2026","PEND","MT304 - BUY"," "," ","A8966","TORONTO DOMINION BANK"," "," "
"HRTE","         ","       ","            ","0.000","76241000.00","USD","CM3 - CAPITAL MARKETS","19 Feb 2026 00:20:55","","19 Feb 2026","PAID","01179"," "," ","A5075","BANQUE NATIONALE DU CANADA"," "," "
"HRTE","         ","       ","            ","0.000","-71860000.00","USD","CM3 - CAPITAL MARKETS","18 Feb 2026 11:20:27","","02 Apr 2026","PEND","MT304 - SELL"," "," ","A5075","BANQUE NATIONALE DU CANADA"," "," "
"HRTE","         ","       ","            ","0.000","-1953218.18","CAD","CM8 - CAPITAL MARKETS","19 Feb 2026 08:32:00","","19 Feb 2026","PAID","805"," "," ","     "," "," "," "
"HRTE","         ","       ","            ","0.000","-62627000.00","USD","CM3 - CAPITAL MARKETS","11 Feb 2026 12:50:06","","26 Mar 2026","PEND","MT304 - SELL"," "," ","A8966","TORONTO DOMINION BANK"," "," "
"HRQA","780087953","2754383","CA7800871021","19237.000","31548.68","CAD","CAN - CANADA","26 Jan 2026 09:52:28","","24 Feb 2026","OPEN","CDIV","ROYAL BANK OF CANADA","COMMON STOCK","     "," "," "," "
"HRQA","349553958","2347200","CA3495531079","41755.000","26723.20","CAD","CAN - CANADA","17 Feb 2026 09:57:19","","01 Mar 2026","OPEN","CDIV","FORTIS INC","COMMON STOCK","     "," "," "," "
"HRVQ","         ","       ","            ","0.000","-309504.00","CAD","CM8 - CAPITAL MARKETS","19 Feb 2026 08:32:00","","19 Feb 2026","PAID","805"," "," ","     "," "," "," "
"HRQN","74935Q958","BMWGTH9","CA74935Q1072","606.000","187.86","USD","CAN - CANADA","09 Feb 2026 09:37:48","","02 Mar 2026","OPEN","CDIV","RB GLOBAL INC","COMMON STOCK","     "," "," "," "
"HRQV","99997Z109","       ","CA99997Z1099","1.000","-168612.69","CAD","CAN - CANADA","19 Feb 2026 04:14:29","18 Feb 2026","19 Feb 2026","PAUT","BUY","SETTLE MONEY ONLY","EQUITY CAD","90065","RBC DOMINION SECURITIES INC.","90065","RBC DOMINION SECURITIES INC."
"HRT9","949746101","2649100","US9497461015","249442.000","-16837.34","USD","DTC - USA","18 Feb 2026 05:07:25","","01 Mar 2026","PEND","08","WELLS FARGO + CO","COMMON STOCK USD1.666","     "," "," "," "
"HRTR","         ","       ","            ","0.000","21993113.40","CAD","CM8 - CAPITAL MARKETS","29 Jan 2026 11:44:54","","05 Mar 2026","PEND","MT304 - BUY"," "," ","A1201","CANADIAN IMPERIAL BANK OF COMMERCE"," "," "
"HRTR","         ","       ","            ","0.000","-16260000.00","USD","CM3 - CAPITAL MARKETS","29 Jan 2026 11:44:54","","05 Mar 2026","PEND","MT304 - SELL"," "," ","A1201","CANADIAN IMPERIAL BANK OF COMMERCE"," "," "
"HRTR","         ","       ","            ","0.000","-16260000.00","USD","CM3 - CAPITAL MARKETS","29 Jan 2026 11:49:50","","05 Mar 2026","PEND","MT304 - SELL"," "," ","A8966","TORONTO DOMINION BANK"," "," "
"HRTA","         ","       ","            ","0.000","45079000.00","USD","CM3 - CAPITAL MARKETS","19 Feb 2026 00:20:55","","19 Feb 2026","PAID","01179"," "," ","A5075","BANQUE NATIONALE DU CANADA"," "," "
"HRTA","         ","       ","            ","0.000","-29396000.00","USD","CM3 - CAPITAL MARKETS","11 Feb 2026 12:55:02","","26 Mar 2026","PEND","MT304 - SELL"," "," ","A8966","TORONTO DOMINION BANK"," "," "
"HRTA","         ","       ","            ","0.000","-49194000.00","USD","CM3 - CAPITAL MARKETS","29 Jan 2026 11:44:54","","05 Mar 2026","PEND","MT304 - SELL"," "," ","A8966","TORONTO DOMINION BANK"," "," "
"HRTA","         ","       ","            ","0.000","72590016.48","CAD","CM8 - CAPITAL MARKETS","04 Feb 2026 12:28:13","","20 Mar 2026","PEND","MT304 - BUY"," "," ","63654","ROYAL BANK OF CANADA"," "," "
"HRTM","B1FH8J905","B1FH8J7","GB00B1FH8J72","15300.000","-495555.92","GBP","GBB - UK","19 Feb 2026 03:08:31","17 Feb 2026","19 Feb 2026","SETL","BUY","SEVERN TRENT PLC","COMMON STOCK GBP.9789","A0455","INSTINET U.K. LTD","92931","THAMESWAY PACIFIC LTD"
"HRTM","         ","       ","            ","0.000","22683500.12","CAD","CM8 - CAPITAL MARKETS","29 Jan 2026 11:49:50","","05 Mar 2026","PEND","MT304 - BUY"," "," ","A8966","TORONTO DOMINION BANK"," "," "
"HRTM","         ","       ","            ","0.000","35942187.20","CAD","CM8 - CAPITAL MARKETS","11 Feb 2026 12:50:06","","26 Mar 2026","PEND","MT304 - BUY"," "," ","A1201","CANADIAN IMPERIAL BANK OF COMMERCE"," "," "
"HRTM","         ","       ","            ","0.000","-26560000.00","USD","CM3 - CAPITAL MARKETS","11 Feb 2026 12:50:06","","26 Mar 2026","PEND","MT304 - SELL"," "," ","A1201","CANADIAN IMPERIAL BANK OF COMMERCE"," "," "
"HRTM","         ","       ","            ","0.000","35921257.92","CAD","CM8 - CAPITAL MARKETS","11 Feb 2026 12:50:06","","26 Mar 2026","PEND","MT304 - BUY"," "," ","A8966","TORONTO DOMINION BANK"," "," "
"HRTB","         ","       ","            ","0.000","12984204.73","CAD","CM8 - CAPITAL MARKETS","18 Feb 2026 11:20:27","","02 Apr 2026","PEND","MT304 - BUY"," "," ","63654","ROYAL BANK OF CANADA"," "," "
"HRTB","         ","       ","            ","0.000","-12355893.00","CAD","CM8 - CAPITAL MARKETS","19 Feb 2026 08:32:00","","19 Feb 2026","PAID","601"," "," ","A5075","BANQUE NATIONALE DU CANADA"," "," "
"HRTB","         ","       ","            ","0.000","-231647.00","CAD","CM8 - CAPITAL MARKETS","19 Feb 2026 08:32:00","","19 Feb 2026","PAID","805"," "," ","     "," "," "," "
"HRTF","         ","       ","            ","0.000","-2674298.56","CAD","CM8 - CAPITAL MARKETS","18 Feb 2026 16:21:16","","19 Feb 2026","PEND","MT304 - SELL"," "," ","A8966","TORONTO DOMINION BANK"," "," "
"HRV8","99997Z109","       ","CA99997Z1099","1.000","21966.68","CAD","CAN - CANADA","19 Feb 2026 04:20:32","18 Feb 2026","19 Feb 2026","PAUT","SELL","SETTLE MONEY ONLY","EQUITY CAD","A2777","BMO NESBITT BURNS  INC","A2777","BMO NESBITT BURNS  INC"
"HRCJ","         ","       ","            ","0.000","-2819.95","CAD","CM8 - CAPITAL MARKETS","19 Feb 2026 08:33:00","","19 Feb 2026","PAID","805"," "," ","     "," "," "," "
"HRCJ","         ","       ","            ","0.000","-58430.05","CAD","CM8 - CAPITAL MARKETS","19 Feb 2026 08:33:00","","19 Feb 2026","PAID","805"," "," ","     "," "," "," "
"HRTX","615252905","6152529","NZCENE0001S6","2872.000","26375.20","NZD","NZ4 - NEWZEALAND","18 Feb 2026 23:41:33","18 Feb 2026","20 Feb 2026","AUTM","SELL","CONTACT ENERGY LTD","COMMON STOCK","A0714","ITG AUSTRALIA LTD.","     "," "
"HRTH","99997Z208","       ","US99997Z2083","1.000","-1748.90","USD","CAN - CANADA","19 Feb 2026 04:14:19","18 Feb 2026","19 Feb 2026","PAUT","BUY","SETTLE MONEY ONLY","EQUITY USD","90065","RBC DOMINION SECURITIES INC.","90065","RBC DOMINION SECURITIES INC."
"HRTH","031162100","2023607","US0311621009","187634.000","-70925.65","USD","DTC - USA","18 Feb 2026 05:07:26","","06 Mar 2026","PEND","08","AMGEN INC","COMMON STOCK USD.0001","     "," "," "," "
"HRQU","780087953","2754383","CA7800871021","6764.000","11092.96","CAD","CAN - CANADA","24 Jan 2026 02:35:00","","24 Feb 2026","OPEN","CDIV","ROYAL BANK OF CANADA","COMMON STOCK","     "," "," "," "
"HRQ1","29250N956","2466149","CA29250N1050","159448.000","154664.56","CAD","CAN - CANADA","17 Feb 2026 09:57:18","","01 Mar 2026","OPEN","CDIV","ENBRIDGE INC","COMMON STOCK","     "," "," "," "
"HRT0","30231G102","2326618","US30231G1022","15458.000","-2388.26","USD","DTC - USA","18 Feb 2026 05:07:25","","10 Mar 2026","PEND","08","EXXON MOBIL CORP","COMMON STOCK","     "," "," "," "
"HRT0","166764100","2838555","US1667641005","12186.000","-3253.66","USD","DTC - USA","18 Feb 2026 05:07:25","","10 Mar 2026","PEND","08","CHEVRON CORP","COMMON STOCK USD.75","     "," "," "," "
"HRTG","         ","       ","            ","0.000","-176553.67","CAD","CM8 - CAPITAL MARKETS","29 Jan 2026 13:48:08","","26 Feb 2026","PEND","MT304 - SELL"," "," ","A1201","CANADIAN IMPERIAL BANK OF COMMERCE"," "," "
"HRTG","         ","       ","            ","0.000","-161214.40","CAD","CM8 - CAPITAL MARKETS","29 Jan 2026 13:48:08","","26 Feb 2026","PEND","MT304 - SELL"," "," ","A1201","CANADIAN IMPERIAL BANK OF COMMERCE"," "," "
"HRTG","         ","       ","            ","0.000","-226184.00","CAD","CM8 - CAPITAL MARKETS","29 Jan 2026 13:48:08","","26 Feb 2026","PEND","MT304 - SELL"," "," ","A1201","CANADIAN IMPERIAL BANK OF COMMERCE"," "," "
"HRTG","         ","       ","            ","0.000","220000.00","AUD","CM8 - CAPITAL MARKETS","22 Jan 2026 14:41:25","","26 Feb 2026","PEND","MT304 - BUY"," "," ","A1201","CANADIAN IMPERIAL BANK OF COMMERCE"," "," "
"HRTG","         ","       ","            ","0.000","220000.00","CHF","CM8 - CAPITAL MARKETS","22 Jan 2026 14:36:29","","26 Feb 2026","PEND","MT304 - BUY"," "," ","A1201","CANADIAN IMPERIAL BANK OF COMMERCE"," "," "
"HRAZ","         ","       ","            ","0.000","-91342000.00","USD","CM3 - CAPITAL MARKETS","29 Jan 2026 11:49:50","","05 Mar 2026","PEND","MT304 - SELL"," "," ","A8966","TORONTO DOMINION BANK"," "," "
"HRTJ","459200101","2005973","US4592001014","1224.000","-308.45","USD","DTC - USA","18 Feb 2026 05:07:26","","10 Mar 2026","PEND","08","INTL BUSINESS MACHINES CORP","COMMON STOCK USD.2","     "," "," "," "
"HRA4","99997Z109","       ","CA99997Z1099","1.000","-77841.72","CAD","CAN - CANADA","19 Feb 2026 04:14:35","18 Feb 2026","19 Feb 2026","PAUT","BUY","SETTLE MONEY ONLY","EQUITY CAD","98558","NATIONAL BANK FINANCIAL INC","98558","NATIONAL BANK FINANCIAL INC"
"HRVP","311900104","2332262","US3119001044","61457.000","-2212.45","USD","DTC - USA","18 Feb 2026 05:07:25","","26 Feb 2026","PEND","08","FASTENAL CO","COMMON STOCK USD.01","     "," "," "," "
"HRQE","532457108","2516152","US5324571083","23296.000","40302.08","USD","DTC - USA","14 Feb 2026 00:30:26","","10 Mar 2026","OPEN","08","ELI LILLY + CO","COMMON STOCK","     "," "," "," "
"HRTU","         ","       ","            ","0.000","-117514000.00","USD","CM3 - CAPITAL MARKETS","29 Jan 2026 11:44:54","","05 Mar 2026","PEND","MT304 - SELL"," "," ","A5193","BANK OF MONTREAL"," "," "
"HRTU","         ","       ","            ","0.000","-145463000.00","USD","CM3 - CAPITAL MARKETS","18 Feb 2026 11:20:27","","02 Apr 2026","PEND","MT304 - SELL"," "," ","A5075","BANQUE NATIONALE DU CANADA"," "," "
"HRTU","         ","       ","            ","0.000","128723518.00","CAD","CM8 - CAPITAL MARKETS","11 Feb 2026 12:55:02","","26 Mar 2026","PEND","MT304 - BUY"," "," ","A5193","BANK OF MONTREAL"," "," "
"HRTU","         ","       ","            ","0.000","128720664.40","CAD","CM8 - CAPITAL MARKETS","11 Feb 2026 12:55:02","","26 Mar 2026","PEND","MT304 - BUY"," "," ","A1201","CANADIAN IMPERIAL BANK OF COMMERCE"," "," "
"HRTE","         ","       ","            ","0.000","-104107085.50","CAD","CM8 - CAPITAL MARKETS","19 Feb 2026 08:32:00","","19 Feb 2026","PAID","601"," "," ","63654","ROYAL BANK OF CANADA"," "," "
"HRVR","99997Z109","       ","CA99997Z1099","1.000","60305.98","CAD","CAN - CANADA","19 Feb 2026 04:20:32","18 Feb 2026","19 Feb 2026","PAUT","SELL","SETTLE MONEY ONLY","EQUITY CAD","A2777","BMO NESBITT BURNS  INC","A2777","BMO NESBITT BURNS  INC"
"HRQM","29250N956","2466149","CA29250N1050","30882.000","29955.54","CAD","CAN - CANADA","17 Feb 2026 09:57:19","","01 Mar 2026","OPEN","CDIV","ENBRIDGE INC","COMMON STOCK","     "," "," "," "
"HRQM","59162N950","2583952","CA59162N1096","6963.000","2837.42","CAD","CAN - CANADA","12 Feb 2026 09:24:47","","10 Mar 2026","OPEN","CDIV","METRO INC/CN","COMMON STOCK","     "," "," "," "
"HRQN","99997Z109","       ","CA99997Z1099","1.000","-675.33","CAD","CAN - CANADA","19 Feb 2026 04:14:18","18 Feb 2026","19 Feb 2026","PAUT","BUY","SETTLE MONEY ONLY","EQUITY CAD","98558","NATIONAL BANK FINANCIAL INC","98558","NATIONAL BANK FINANCIAL INC"
"HRQN","59162N950","2583952","CA59162N1096","773.000","315.00","CAD","CAN - CANADA","11 Feb 2026 02:32:37","","10 Mar 2026","OPEN","CDIV","METRO INC/CN","COMMON STOCK","     "," "," "," "
"HRT9","99997Z109","       ","CA99997Z1099","1.000","-4163.12","CAD","CAN - CANADA","19 Feb 2026 04:14:26","18 Feb 2026","19 Feb 2026","PAUT","BUY","SETTLE MONEY ONLY","EQUITY CAD","A2981","TORONTO DOMINION SECURITIES INC","A2981","TORONTO DOMINION SECURITIES INC"
"HRT9","149123101","2180201","US1491231015","33389.000","-7562.61","USD","DTC - USA","18 Feb 2026 05:07:25","","19 Feb 2026","PEND","08","CATERPILLAR INC","COMMON STOCK USD1.0","     "," "," "," "
"HRTR","         ","       ","            ","0.000","6477033.84","CAD","CM8 - CAPITAL MARKETS","09 Feb 2026 14:16:04","","05 Mar 2026","PEND","MT304 - BUY"," "," ","A8966","TORONTO DOMINION BANK"," "," "
"HRTR","         ","       ","            ","0.000","-22787000.00","USD","CM3 - CAPITAL MARKETS","11 Feb 2026 12:55:02","","26 Mar 2026","PEND","MT304 - SELL"," "," ","A1201","CANADIAN IMPERIAL BANK OF COMMERCE"," "," "
"HRTA","         ","       ","            ","0.000","62173632.99","CAD","CM8 - CAPITAL MARKETS","19 Feb 2026 08:32:00","","19 Feb 2026","PAID","600"," "," ","63654","ROYAL BANK OF CANADA"," "," "
"HRTM","41754C956","BJ00P63","CA41754C1059","50000.000","515715.05","CAD","CAN - CANADA","19 Feb 2026 04:20:29","18 Feb 2026","19 Feb 2026","PAUT","SELL","HARVEST EQUAL WEIGHT GLOBA A","ETP","98558","NATIONAL BANK FINANCIAL INC","98558","NATIONAL BANK FINANCIAL INC"
"HRTM","29250N956","2466149","CA29250N1050","213059.000","206667.23","CAD","CAN - CANADA","17 Feb 2026 09:57:18","","01 Mar 2026","OPEN","CDIV","ENBRIDGE INC","COMMON STOCK","     "," "," "," "
"HRTM","         ","       ","            ","0.000","69299061.31","CAD","CM8 - CAPITAL MARKETS","08 Jan 2026 14:19:20","","26 Feb 2026","PEND","MT304 - BUY"," "," ","A1201","CANADIAN IMPERIAL BANK OF COMMERCE"," "," "
"HRTM","565042900","5650422","ES0116870314","65000.000","-1642006.04","EUR","ES6 - SPAIN","19 Feb 2026 06:16:20","17 Feb 2026","19 Feb 2026","FATR","BUY","NATURGY ENERGY GROUP SA","COMMON STOCK EUR1.0","A0455","INSTINET U.K. LTD","     "," "
"HRTM","         ","       ","            ","0.000","-4570000.00","GBP","CM8 - CAPITAL MARKETS","17 Feb 2026 13:10:14","","26 Feb 2026","PEND","MT304 - SELL"," "," ","A1201","CANADIAN IMPERIAL BANK OF COMMERCE"," "," "
"HRCL","532457108","2516152","US5324571083","459.000","-238.22","USD","DTC - USA","18 Feb 2026 05:07:26","","10 Mar 2026","PEND","08","ELI LILLY + CO","COMMON STOCK","     "," "," "," "
"HRCL","         ","       ","            ","0.000","-560.21","CAD","CM8 - CAPITAL MARKETS","19 Feb 2026 08:33:00","","19 Feb 2026","PAID","805"," "," ","     "," "," "," "
"HRTB","         ","       ","            ","0.000","12463528.97","CAD","CM8 - CAPITAL MARKETS","19 Feb 2026 08:32:00","","19 Feb 2026","PAID","600"," "," ","A5075","BANQUE NATIONALE DU CANADA"," "," "
"HRTF","697900959","2669272","CA6979001089","4100.000","325950.00","CAD","CAN - CANADA","19 Feb 2026 04:56:38","18 Feb 2026","19 Feb 2026","SETL","SELL","PAN AMERICAN SILVER CORP","COMMON STOCK","C4665","FIDELITY CLEARING CANADA","C4665","FIDELITY CLEARING CANADA"
"HRTF","         ","       ","            ","0.000","-2830000.00","AUD","CM8 - CAPITAL MARKETS","18 Feb 2026 16:16:19","","20 Feb 2026","PEND","MT304 - SELL"," "," ","A8966","TORONTO DOMINION BANK"," "," "
"HRTS","         ","       ","            ","0.000","32628090.20","CAD","CM8 - CAPITAL MARKETS","11 Feb 2026 12:50:06","","26 Mar 2026","PEND","MT304 - BUY"," "," ","A1201","CANADIAN IMPERIAL BANK OF COMMERCE"," "," "
"HRTX","ACI05YT61","B8W6K56","NZMRPE0001S2","4080.000","25237.52","NZD","NZ4 - NEWZEALAND","18 Feb 2026 23:41:34","18 Feb 2026","20 Feb 2026","AUTM","SELL","MERCURY NZ LTD","COMMON STOCK","A0714","ITG AUSTRALIA LTD.","     "," "
"HRTX","BWFD05904","BWFD052","NZMELE0002S7","4760.000","26827.61","NZD","NZ4 - NEWZEALAND","18 Feb 2026 23:41:34","18 Feb 2026","20 Feb 2026","AUTM","SELL","MERIDIAN ENERGY LTD","COMMON STOCK","A0714","ITG AUSTRALIA LTD.","     "," "
"HRTX","         ","       ","            ","0.000","43191.23","CAD","CM8 - CAPITAL MARKETS","18 Feb 2026 16:16:19","","20 Feb 2026","PEND","MT304 - BUY"," "," ","A8966","TORONTO DOMINION BANK"," "," "
"HRTX","         ","       ","            ","0.000","-200000.00","DKK","CM8 - CAPITAL MARKETS","18 Feb 2026 16:16:19","","20 Feb 2026","PEND","MT304 - SELL"," "," ","A8966","TORONTO DOMINION BANK"," "," "
"HRQ1","99997Z109","       ","CA99997Z1099","1.000","-181659.46","CAD","CAN - CANADA","19 Feb 2026 04:14:32","18 Feb 2026","19 Feb 2026","PAUT","BUY","SETTLE MONEY ONLY","EQUITY CAD","90065","RBC DOMINION SECURITIES INC.","90065","RBC DOMINION SECURITIES INC."
"HRT0","03743Q108","BNNF1C1","US03743Q1085","76840.000","19210.00","USD","DTC - USA","23 Jan 2026 00:30:01","","23 Feb 2026","OPEN","08","APA CORP","COMMON STOCK USD.625","     "," "," "," "
"HRT0","20825C104","2685717","US20825C1045","21149.000","17765.16","USD","DTC - USA","19 Feb 2026 00:38:24","","02 Mar 2026","OPEN","08","CONOCOPHILLIPS","COMMON STOCK USD.01","     "," "," "," "
"HRTG","41754X950","BFXHBV0","CA41754X1096","25000.000","32812.81","CAD","CAN - CANADA","19 Feb 2026 04:20:29","18 Feb 2026","19 Feb 2026","PAUT","SELL","HARVEST GLOBAL REIT LEADERS","ETP","90065","RBC DOMINION SECURITIES INC.","90065","RBC DOMINION SECURITIES INC."
"HRTG","         ","       ","            ","0.000","1344078.69","CAD","CM8 - CAPITAL MARKETS","08 Jan 2026 14:19:20","","26 Feb 2026","PEND","MT304 - BUY"," "," ","A1201","CANADIAN IMPERIAL BANK OF COMMERCE"," "," "
"HRTG","         ","       ","            ","0.000","140000.00","GBP","CM8 - CAPITAL MARKETS","22 Jan 2026 14:41:25","","26 Feb 2026","PEND","MT304 - BUY"," "," ","A1201","CANADIAN IMPERIAL BANK OF COMMERCE"," "," "
"HRVM","         ","       ","            ","0.000","93759040.08","CAD","CM8 - CAPITAL MARKETS","19 Feb 2026 08:32:00","","19 Feb 2026","PAID","600"," "," ","A5075","BANQUE NATIONALE DU CANADA"," "," "
"HRVM","         ","       ","            ","0.000","20595882.67","CAD","CM8 - CAPITAL MARKETS","19 Feb 2026 08:32:00","","19 Feb 2026","PAID","600"," "," ","A5075","BANQUE NATIONALE DU CANADA"," "," "
"HRA4","99997Z109","       ","CA99997Z1099","1.000","-77841.72","CAD","CAN - CANADA","19 Feb 2026 04:14:36","18 Feb 2026","19 Feb 2026","PAUT","BUY","SETTLE MONEY ONLY","EQUITY CAD","A2777","BMO NESBITT BURNS  INC","A2777","BMO NESBITT BURNS  INC"
"HRVP","701094104","2671501","US7010941042","2931.000","-791.37","USD","DTC - USA","18 Feb 2026 05:07:25","","06 Mar 2026","PEND","08","PARKER HANNIFIN CORP","COMMON STOCK USD.5","     "," "," "," "
"HRVP","         ","       ","            ","0.000","309504.00","CAD","CM8 - CAPITAL MARKETS","19 Feb 2026 08:32:00","","19 Feb 2026","PAID","805"," "," ","     "," "," "," "
"HRQ3","008474959","2009823","CA0084741085","200.000","-60140.00","CAD","CAN - CANADA","19 Feb 2026 04:58:58","18 Feb 2026","19 Feb 2026","SETL","BUY","AGNICO EAGLE MINES LTD","COMMON STOCK","A2981","TORONTO DOMINION SECURITIES INC","A2981","TORONTO DOMINION SECURITIES INC"
"HRTU","         ","       ","            ","0.000","-129396000.00","USD","CM3 - CAPITAL MARKETS","04 Feb 2026 12:28:13","","20 Mar 2026","PEND","MT304 - SELL"," "," ","63654","ROYAL BANK OF CANADA"," "," "
"HRTU","         ","       ","            ","0.000","159208554.77","CAD","CM8 - CAPITAL MARKETS","29 Jan 2026 11:44:54","","05 Mar 2026","PEND","MT304 - BUY"," "," ","A8966","TORONTO DOMINION BANK"," "," "
"HRTU","         ","       ","            ","0.000","-95120000.00","USD","CM3 - CAPITAL MARKETS","11 Feb 2026 12:55:02","","26 Mar 2026","PEND","MT304 - SELL"," "," ","A5193","BANK OF MONTREAL"," "," "
"HRTU","         ","       ","            ","0.000","128645709.84","CAD","CM8 - CAPITAL MARKETS","11 Feb 2026 12:55:02","","26 Mar 2026","PEND","MT304 - BUY"," "," ","A8966","TORONTO DOMINION BANK"," "," "
"HRTE","         ","       ","            ","0.000","84700324.54","CAD","CM8 - CAPITAL MARKETS","11 Feb 2026 12:50:06","","26 Mar 2026","PEND","MT304 - BUY"," "," ","A8966","TORONTO DOMINION BANK"," "," "
"HRTE","         ","       ","            ","0.000","84749674.62","CAD","CM8 - CAPITAL MARKETS","11 Feb 2026 12:55:02","","26 Mar 2026","PEND","MT304 - BUY"," "," ","A1201","CANADIAN IMPERIAL BANK OF COMMERCE"," "," "
"HRVQ","         ","       ","            ","0.000","-27600000.00","USD","CM3 - CAPITAL MARKETS","18 Feb 2026 11:20:27","","02 Apr 2026","PEND","MT304 - SELL"," "," ","A5075","BANQUE NATIONALE DU CANADA"," "," "
"HRQL","99997Z109","       ","CA99997Z1099","1.000","-85065.32","CAD","CAN - CANADA","19 Feb 2026 04:14:22","18 Feb 2026","19 Feb 2026","PAUT","BUY","SETTLE MONEY ONLY","EQUITY CAD","A2981","TORONTO DOMINION SECURITIES INC","A2981","TORONTO DOMINION SECURITIES INC"
"HRQM","74935Q958","BMWGTH9","CA74935Q1072","4790.000","1484.90","USD","CAN - CANADA","09 Feb 2026 09:37:22","","02 Mar 2026","OPEN","CDIV","RB GLOBAL INC","COMMON STOCK","     "," "," "," "
"HRQN","349553958","2347200","CA3495531079","2833.000","1813.12","CAD","CAN - CANADA","13 Feb 2026 02:34:49","","01 Mar 2026","OPEN","CDIV","FORTIS INC","COMMON STOCK","     "," "," "," "
"HRQS","29250N956","2466149","CA29250N1050","37082.000","35969.54","CAD","CAN - CANADA","14 Feb 2026 02:35:08","","01 Mar 2026","OPEN","CDIV","ENBRIDGE INC","COMMON STOCK","     "," "," "," "
"HRT9","92826C839","B2PZN04","US92826C8394","66719.000","-6705.26","USD","DTC - USA","18 Feb 2026 05:07:25","","02 Mar 2026","PEND","08","VISA INC CLASS A SHARES","COMMON STOCK USD.0001","     "," "," "," "
"HRTR","         ","       ","            ","0.000","-4780000.00","USD","CM3 - CAPITAL MARKETS","09 Feb 2026 14:16:04","","05 Mar 2026","PEND","MT304 - SELL"," "," ","A8966","TORONTO DOMINION BANK"," "," "
"HRTR","         ","       ","            ","0.000","-22787000.00","USD","CM3 - CAPITAL MARKETS","11 Feb 2026 12:50:06","","26 Mar 2026","PEND","MT304 - SELL"," "," ","A8966","TORONTO DOMINION BANK"," "," "
"HRTR","         ","       ","            ","0.000","30818437.66","CAD","CM8 - CAPITAL MARKETS","11 Feb 2026 12:50:06","","26 Mar 2026","PEND","MT304 - BUY"," "," ","A8966","TORONTO DOMINION BANK"," "," "
"HRTA","         ","       ","            ","0.000","-45079000.00","USD","CM3 - CAPITAL MARKETS","19 Feb 2026 00:20:55","","19 Feb 2026","PAID","01183"," "," ","A5075","BANQUE NATIONALE DU CANADA"," "," "
"HRTM","337932107","2100920","US3379321074","206290.000","91799.05","USD","DTC - USA","07 Feb 2026 00:30:09","","02 Mar 2026","OPEN","08","FIRSTENERGY CORP","COMMON STOCK USD.1","     "," "," "," "
"HRTM","         ","       ","            ","0.000","27592688.38","CAD","CM8 - CAPITAL MARKETS","08 Jan 2026 14:19:20","","26 Feb 2026","PEND","MT304 - BUY"," "," ","A1201","CANADIAN IMPERIAL BANK OF COMMERCE"," "," "
"HRTM","         ","       ","            ","0.000","-7434000.00","CHF","CM8 - CAPITAL MARKETS","08 Jan 2026 14:19:20","","26 Feb 2026","PEND","MT304 - SELL"," "," ","A1201","CANADIAN IMPERIAL BANK OF COMMERCE"," "," "
"HRTM","         ","       ","            ","0.000","-183498000.00","SEK","CM8 - CAPITAL MARKETS","08 Jan 2026 14:19:20","","26 Feb 2026","PEND","MT304 - SELL"," "," ","A1201","CANADIAN IMPERIAL BANK OF COMMERCE"," "," "
"HRTM","         ","       ","            ","0.000","4344000.00","EUR","CM8 - CAPITAL MARKETS","19 Feb 2026 00:00:00","","19 Feb 2026","PAID","600"," "," ","A1201","CANADIAN IMPERIAL BANK OF COMMERCE"," "," "
"HRTM","         ","       ","            ","0.000","12973974.64","CAD","CM8 - CAPITAL MARKETS","17 Feb 2026 13:10:14","","26 Feb 2026","PEND","MT304 - BUY"," "," ","A1201","CANADIAN IMPERIAL BANK OF COMMERCE"," "," "
"HRTM","         ","       ","            ","0.000","-8030000.00","EUR","CM8 - CAPITAL MARKETS","17 Feb 2026 13:10:14","","26 Feb 2026","PEND","MT304 - SELL"," "," ","A1201","CANADIAN IMPERIAL BANK OF COMMERCE"," "," "
"HRTM","557955903","5579550","FI0009007132","74300.000","-1457894.21","EUR","FI2 - FINLAND","19 Feb 2026 06:16:26","17 Feb 2026","19 Feb 2026","SETL","BUY","FORTUM OYJ","COMMON STOCK EUR3.4","A0455","INSTINET U.K. LTD","     "," "
"HRTM","         ","       ","            ","0.000","-26560000.00","USD","CM3 - CAPITAL MARKETS","11 Feb 2026 12:50:06","","26 Mar 2026","PEND","MT304 - SELL"," "," ","A8966","TORONTO DOMINION BANK"," "," "
"HRQH","99997Z109","       ","CA99997Z1099","1.000","-34561.51","CAD","CAN - CANADA","19 Feb 2026 04:14:21","18 Feb 2026","19 Feb 2026","PAUT","BUY","SETTLE MONEY ONLY","EQUITY CAD","A2981","TORONTO DOMINION SECURITIES INC","A2981","TORONTO DOMINION SECURITIES INC"
"HRCL","149123101","2180201","US1491231015","201.000","-91.05","USD","DTC - USA","18 Feb 2026 05:07:26","","19 Feb 2026","PEND","08","CATERPILLAR INC","COMMON STOCK USD1.0","     "," "," "," "
"HRCL","         ","       ","            ","0.000","-100939.79","CAD","CM8 - CAPITAL MARKETS","19 Feb 2026 08:33:00","","19 Feb 2026","PAID","805"," "," ","     "," "," "," "
"HRTB","         ","       ","            ","0.000","8667667.45","CAD","CM8 - CAPITAL MARKETS","04 Feb 2026 12:28:13","","20 Mar 2026","PEND","MT304 - BUY"," "," ","A5075","BANQUE NATIONALE DU CANADA"," "," "
"HRTB","         ","       ","            ","0.000","-6350000.00","USD","CM3 - CAPITAL MARKETS","04 Feb 2026 12:28:13","","20 Mar 2026","PEND","MT304 - SELL"," "," ","A5075","BANQUE NATIONALE DU CANADA"," "," "
"HRTB","         ","       ","            ","0.000","-9526000.00","USD","CM3 - CAPITAL MARKETS","18 Feb 2026 11:20:27","","02 Apr 2026","PEND","MT304 - SELL"," "," ","A5075","BANQUE NATIONALE DU CANADA"," "," "
"HRTB","         ","       ","            ","0.000","9042000.00","USD","CM3 - CAPITAL MARKETS","19 Feb 2026 00:20:55","","19 Feb 2026","PAID","01179"," "," ","63654","ROYAL BANK OF CANADA"," "," "
"HRTF","36270K953","BSWW128","CA36270K1021","19500.000","950100.45","CAD","CAN - CANADA","19 Feb 2026 04:56:38","18 Feb 2026","19 Feb 2026","SETL","SELL","G MINING VENTURE CORP","COMMON STOCK","C4665","FIDELITY CLEARING CANADA","C4665","FIDELITY CLEARING CANADA"
"HRTF","011532959","BZ3DNP6","CA0115321089","4000.000","-239680.00","CAD","CAN - CANADA","19 Feb 2026 04:56:31","18 Feb 2026","19 Feb 2026","SETL","BUY","ALAMOS GOLD INC CLASS A","COMMON STOCK","C4665","FIDELITY CLEARING CANADA","C4665","FIDELITY CLEARING CANADA"
"HRTF","06849F959","BNM23Q1","CA06849F1080","4300.000","-284617.00","CAD","CAN - CANADA","19 Feb 2026 04:56:31","18 Feb 2026","19 Feb 2026","SETL","BUY","BARRICK MINING CORP","COMMON STOCK","C4665","FIDELITY CLEARING CANADA","C4665","FIDELITY CLEARING CANADA"
"HRCJ","063671952","2076009","CA0636711016","3365.000","5619.55","CAD","CAN - CANADA","30 Jan 2026 10:26:44","","26 Feb 2026","OPEN","CDIV","BANK OF MONTREAL","COMMON STOCK","     "," "," "," "
"HRTX","41754G957","BMHYFP8","CA41754G1063","80000.000","-472420.71","CAD","CAN - CANADA","19 Feb 2026 04:13:36","18 Feb 2026","19 Feb 2026","PAUT","BUY","HARVEST CLEAN ENERGY ETF","ETP","A4595","CIBC WORLD MKTS INC","A4595","CIBC WORLD MKTS INC"
"HRTX","         ","       ","            ","0.000","-113096.20","CAD","CM8 - CAPITAL MARKETS","17 Feb 2026 13:10:14","","19 Feb 2026","PEND","MT304 - SELL"," "," ","A1201","CANADIAN IMPERIAL BANK OF COMMERCE"," "," "
"HRV1","99997Z109","       ","CA99997Z1099","1.000","-100731.20","CAD","CAN - CANADA","19 Feb 2026 04:14:21","18 Feb 2026","19 Feb 2026","PAUT","BUY","SETTLE MONEY ONLY","EQUITY CAD","90065","RBC DOMINION SECURITIES INC.","90065","RBC DOMINION SECURITIES INC."
"HRTH","99997Z109","       ","CA99997Z1099","1.000","-1606.14","CAD","CAN - CANADA","19 Feb 2026 04:14:20","18 Feb 2026","19 Feb 2026","PAUT","BUY","SETTLE MONEY ONLY","EQUITY CAD","90065","RBC DOMINION SECURITIES INC.","90065","RBC DOMINION SECURITIES INC."
"HRVO","46431A950","2947246","CA46431A1093","46841.000","3232.03","CAD","CAN - CANADA","19 Feb 2026 02:34:05","","27 Feb 2026","OPEN","CDIV","ISHARES CORE CANADIAN SHORT","ETP","     "," "," "," "
"HRT0","29446M102","BF4K3J0","US29446M1027","81046.000","22085.04","USD","DTC - USA","18 Feb 2026 00:30:21","","27 Feb 2026","OPEN","09","EQUINOR ASA SPON ADR","ADR","     "," "," "," "
"HRT0","         ","       ","            ","0.000","231647.00","CAD","CM8 - CAPITAL MARKETS","19 Feb 2026 08:32:00","","19 Feb 2026","PAID","805"," "," ","     "," "," "," "
"HRT0","91913Y100","2041364","US91913Y1001","10877.000","-1957.86","USD","DTC - USA","18 Feb 2026 05:07:25","","09 Mar 2026","PEND","08","VALERO ENERGY CORP","COMMON STOCK USD.01","     "," "," "," "
"HRTG","431284108","2420640","US4312841087","20746.000","10373.00","USD","DTC - USA","18 Feb 2026 00:30:23","","10 Mar 2026","OPEN","08","HIGHWOODS PROPERTIES INC","REIT USD.01","     "," "," "," "
"HRTG","         ","       ","            ","0.000","520000.00","SGD","CM8 - CAPITAL MARKETS","27 Jan 2026 12:16:49","","26 Feb 2026","PEND","MT304 - BUY"," "," ","A1201","CANADIAN IMPERIAL BANK OF COMMERCE"," "," "
"HRTG","         ","       ","            ","0.000","-560678.94","CAD","CM8 - CAPITAL MARKETS","27 Jan 2026 12:16:49","","26 Feb 2026","PEND","MT304 - SELL"," "," ","A1201","CANADIAN IMPERIAL BANK OF COMMERCE"," "," "
"HRTG","ACI0B5V31","BT9Q186","SG1AF6000009","619150.000","6996.40","SGD","SG4 - SINGAPORE","05 Feb 2026 02:33:46","","19 Mar 2026","OPEN","CDIV","KEPPEL DC REIT","REIT","     "," "," "," "
"HRTG","         ","       ","            ","0.000","4688321.63","CAD","CM8 - CAPITAL MARKETS","08 Jan 2026 14:19:20","","26 Feb 2026","PEND","MT304 - BUY"," "," ","A1201","CANADIAN IMPERIAL BANK OF COMMERCE"," "," "
"HRTG","         ","       ","            ","0.000","-4342000.00","SGD","CM8 - CAPITAL MARKETS","08 Jan 2026 14:19:20","","26 Feb 2026","PEND","MT304 - SELL"," "," ","A1201","CANADIAN IMPERIAL BANK OF COMMERCE"," "," "
"HRTG","         ","       ","            ","0.000","100000.00","CHF","CM8 - CAPITAL MARKETS","29 Jan 2026 13:48:08","","26 Feb 2026","PEND","MT304 - BUY"," "," ","A1201","CANADIAN IMPERIAL BANK OF COMMERCE"," "," "
"HRTY","143658300","2523044","PA1436583006","48890.000","7333.50","USD","DTC - USA","14 Feb 2026 00:30:13","","27 Feb 2026","OPEN","08","CARNIVAL CORP","COMMON STOCK USD.01","     "," "," "," "
"HRAZ","         ","       ","            ","0.000","123548275.78","CAD","CM8 - CAPITAL MARKETS","29 Jan 2026 11:44:54","","05 Mar 2026","PEND","MT304 - BUY"," "," ","A1201","CANADIAN IMPERIAL BANK OF COMMERCE"," "," "
"HRAZ","         ","       ","            ","0.000","123750598.31","CAD","CM8 - CAPITAL MARKETS","29 Jan 2026 11:49:50","","05 Mar 2026","PEND","MT304 - BUY"," "," ","A8966","TORONTO DOMINION BANK"," "," "
"HRVG","143658300","2523044","PA1436583006","58985.000","8847.75","USD","DTC - USA","14 Feb 2026 00:30:13","","27 Feb 2026","OPEN","08","CARNIVAL CORP","COMMON STOCK USD.01","     "," "," "," "
"HRVP","911363109","2134781","US9113631090","3172.000","6248.84","USD","DTC - USA","12 Feb 2026 00:30:17","","25 Feb 2026","OPEN","08","UNITED RENTALS INC","COMMON STOCK USD.01","     "," "," "," "
"HRQE","532457108","2516152","US5324571083","23296.000","-6045.31","USD","DTC - USA","18 Feb 2026 05:07:26","","10 Mar 2026","PEND","08","ELI LILLY + CO","COMMON STOCK","     "," "," "," "
"HRTU","         ","       ","            ","0.000","137677000.00","USD","CM3 - CAPITAL MARKETS","19 Feb 2026 00:20:55","","19 Feb 2026","PAID","01179"," "," ","63654","ROYAL BANK OF CANADA"," "," "
"HRTU","         ","       ","            ","0.000","-3527147.07","CAD","CM8 - CAPITAL MARKETS","19 Feb 2026 08:32:00","","19 Feb 2026","PAID","805"," "," ","     "," "," "," "
"HRTE","         ","       ","            ","0.000","-76241000.00","USD","CM3 - CAPITAL MARKETS","19 Feb 2026 00:20:55","","19 Feb 2026","PAID","01183"," "," ","63654","ROYAL BANK OF CANADA"," "," "
"HRTE","         ","       ","            ","0.000","59385463.95","CAD","CM8 - CAPITAL MARKETS","29 Jan 2026 11:44:54","","05 Mar 2026","PEND","MT304 - BUY"," "," ","A1201","CANADIAN IMPERIAL BANK OF COMMERCE"," "," "
"HRTE","         ","       ","            ","0.000","-71860000.00","USD","CM3 - CAPITAL MARKETS","18 Feb 2026 11:20:27","","02 Apr 2026","PEND","MT304 - SELL"," "," ","63654","ROYAL BANK OF CANADA"," "," "
"HRA1","99997Z109","       ","CA99997Z1099","1.000","57487.48","CAD","CAN - CANADA","19 Feb 2026 04:20:32","18 Feb 2026","19 Feb 2026","PAUT","SELL","SETTLE MONEY ONLY","EQUITY CAD","A2777","BMO NESBITT BURNS  INC","A2777","BMO NESBITT BURNS  INC"
"HRQM","12532H955","BJ2L575","CA12532H1047","9132.000","1552.44","CAD","CAN - CANADA","17 Feb 2026 09:57:18","","20 Mar 2026","OPEN","CDIV","CGI INC","COMMON STOCK","     "," "," "," "
"HRQM","780087953","2754383","CA7800871021","9680.000","15875.20","CAD","CAN - CANADA","26 Jan 2026 09:52:39","","24 Feb 2026","OPEN","CDIV","ROYAL BANK OF CANADA","COMMON STOCK","     "," "," "," "
"HRQM","884903931","BPLLTY3","CA8849038085","3284.000","2151.02","USD","CAN - CANADA","17 Feb 2026 09:57:19","","10 Mar 2026","OPEN","CDIV","THOMSON REUTERS CORP","COMMON STOCK","     "," "," "," "
"HRQN","780087953","2754383","CA7800871021","1124.000","1843.36","CAD","CAN - CANADA","23 Jan 2026 02:32:41","","24 Feb 2026","OPEN","CDIV","ROYAL BANK OF CANADA","COMMON STOCK","     "," "," "," "
"HRQN","29250N956","2466149","CA29250N1050","3552.000","3445.44","CAD","CAN - CANADA","13 Feb 2026 02:34:22","","01 Mar 2026","OPEN","CDIV","ENBRIDGE INC","COMMON STOCK","     "," "," "," "
"HRTA","         ","       ","            ","0.000","45079000.00","USD","CM3 - CAPITAL MARKETS","19 Feb 2026 00:20:55","","19 Feb 2026","PAID","01179"," "," ","63654","ROYAL BANK OF CANADA"," "," "
"HRTA","         ","       ","            ","0.000","-29396000.00","USD","CM3 - CAPITAL MARKETS","11 Feb 2026 12:55:02","","26 Mar 2026","PEND","MT304 - SELL"," "," ","A5193","BANK OF MONTREAL"," "," "
"HRTA","         ","       ","            ","0.000","62137073.92","CAD","CM8 - CAPITAL MARKETS","19 Feb 2026 08:32:00","","19 Feb 2026","PAID","600"," "," ","A5075","BANQUE NATIONALE DU CANADA"," "," "
"HRTA","         ","       ","            ","0.000","66539312.46","CAD","CM8 - CAPITAL MARKETS","29 Jan 2026 11:44:54","","05 Mar 2026","PEND","MT304 - BUY"," "," ","A1201","CANADIAN IMPERIAL BANK OF COMMERCE"," "," "
"HRTM","565042900","5650422","ES0116870314","3230.000","-85861.64","EUR","ES6 - SPAIN","19 Feb 2026 06:08:48","17 Feb 2026","19 Feb 2026","SETL","BUY","NATURGY ENERGY GROUP SA","COMMON STOCK EUR1.0","A0455","INSTINET U.K. LTD","     "," "
"HRTM","         ","       ","            ","0.000","-95483000.00","NOK","CM8 - CAPITAL MARKETS","08 Jan 2026 14:19:20","","26 Feb 2026","PEND","MT304 - SELL"," "," ","A1201","CANADIAN IMPERIAL BANK OF COMMERCE"," "," "
"HRTM","         ","       ","            ","0.000","45243775.03","CAD","CM8 - CAPITAL MARKETS","08 Jan 2026 14:19:20","","26 Feb 2026","PEND","MT304 - BUY"," "," ","A1201","CANADIAN IMPERIAL BANK OF COMMERCE"," "," "
"HRTM","         ","       ","            ","0.000","8446324.27","CAD","CM8 - CAPITAL MARKETS","17 Feb 2026 13:10:14","","26 Feb 2026","PEND","MT304 - BUY"," "," ","A1201","CANADIAN IMPERIAL BANK OF COMMERCE"," "," "
"HRCL","30231G102","2326618","US30231G1022","2678.000","2758.34","USD","DTC - USA","13 Feb 2026 00:36:06","","10 Mar 2026","OPEN","08","EXXON MOBIL CORP","COMMON STOCK","     "," "," "," "
"HRTB","         ","       ","            ","0.000","-9526000.00","USD","CM3 - CAPITAL MARKETS","18 Feb 2026 11:20:27","","02 Apr 2026","PEND","MT304 - SELL"," "," ","63654","ROYAL BANK OF CANADA"," "," "
"HRTB","         ","       ","            ","0.000","12993721.20","CAD","CM8 - CAPITAL MARKETS","18 Feb 2026 11:20:27","","02 Apr 2026","PEND","MT304 - BUY"," "," ","A5075","BANQUE NATIONALE DU CANADA"," "," "
"HRTF","671745909","6717456","AU000000NST8","12700.000","-356103.10","AUD","AU8 - AUSTRALIA","18 Feb 2026 22:52:53","18 Feb 2026","20 Feb 2026","AUTM","BUY","NORTHERN STAR RESOURCES LTD","COMMON STOCK","A0714","ITG AUSTRALIA LTD.","     "," "
"HRTF","B02FBC906","B02FBC1","AU000000PRU3","526665.000","2893314.10","AUD","AU8 - AUSTRALIA","18 Feb 2026 22:27:33","18 Feb 2026","20 Feb 2026","AUTM","SELL","PERSEUS MINING LTD","COMMON STOCK","A0714","ITG AUSTRALIA LTD.","     "," "
"HRTF","550371959","BTKSSY6","CA5503711080","9700.000","-1041821.71","CAD","CAN - CANADA","19 Feb 2026 04:56:32","18 Feb 2026","19 Feb 2026","SETL","BUY","LUNDIN GOLD INC","COMMON STOCK","C4665","FIDELITY CLEARING CANADA","C4665","FIDELITY CLEARING CANADA"
"HRTF","450913959","2446646","CA4509131088","13900.000","405046.00","CAD","CAN - CANADA","19 Feb 2026 04:56:38","18 Feb 2026","19 Feb 2026","SETL","SELL","IAMGOLD CORP","COMMON STOCK","C4665","FIDELITY CLEARING CANADA","C4665","FIDELITY CLEARING CANADA"
"HRTF","11777Q951","B29VFC4","CA11777Q2099","13800.000","-101706.00","CAD","CAN - CANADA","19 Feb 2026 06:02:17","18 Feb 2026","19 Feb 2026","SETL","BUY","B2GOLD CORP","COMMON STOCK","C4665","FIDELITY CLEARING CANADA","C4665","FIDELITY CLEARING CANADA"
"HRTF","04302L951","BKLTQ63","CA04302L1004","70015.000","2650816.91","CAD","CAN - CANADA","18 Feb 2026 17:00:00","18 Feb 2026","19 Feb 2026","AUTM","SELL","ARTEMIS GOLD INC","COMMON STOCK","93416","CAISSE CENTRALE DESJARDINS","93944","VALEURS MOBILIERES DESJARDINS"
"HRTF","651639106","2636607","US6516391066","800.000","99728.00","USD","DTC - USA","19 Feb 2026 03:19:39","18 Feb 2026","19 Feb 2026","SDEL","SELL","NEWMONT CORP","COMMON STOCK USD1.6","A6800","J.P. MORGAN SECURITIES CANADA INC","00352","J.P. MORGAN SECURITIES LLC"
"HRTF","         ","       ","            ","0.000","2726648.40","CAD","CM8 - CAPITAL MARKETS","18 Feb 2026 16:16:19","","20 Feb 2026","PEND","MT304 - BUY"," "," ","A8966","TORONTO DOMINION BANK"," "," "
"HRTF","ACI014TH7","B3X0F91","AU000000EVN4","20100.000","293053.72","AUD","AU8 - AUSTRALIA","18 Feb 2026 22:27:35","18 Feb 2026","20 Feb 2026","AUTM","SELL","EVOLUTION MINING LTD","COMMON STOCK","A0714","ITG AUSTRALIA LTD.","     "," "
"HRTF","         ","       ","            ","0.000","1952000.00","USD","CM3 - CAPITAL MARKETS","19 Feb 2026 00:21:22","","19 Feb 2026","PAID","01179"," "," ","A8966","TORONTO DOMINION BANK"," "," "
"HRV8","99997Z109","       ","CA99997Z1099","1.000","-439333.58","CAD","CAN - CANADA","19 Feb 2026 04:14:30","18 Feb 2026","19 Feb 2026","PAUT","BUY","SETTLE MONEY ONLY","EQUITY CAD","90065","RBC DOMINION SECURITIES INC.","90065","RBC DOMINION SECURITIES INC."
"HRTS","717081103","2684703","US7170811035","72800.000","-4695.60","USD","DTC - USA","18 Feb 2026 05:07:25","","06 Mar 2026","PEND","08","PFIZER INC","COMMON STOCK USD.05","     "," "," "," "
"HRTS","         ","       ","            ","0.000","-24111000.00","USD","CM3 - CAPITAL MARKETS","11 Feb 2026 12:50:06","","26 Mar 2026","PEND","MT304 - SELL"," "," ","A1201","CANADIAN IMPERIAL BANK OF COMMERCE"," "," "
"HRTX","B1YVKJ909","B1YVKJ4","ES0165386014","768.000","14896.45","EUR","ES6 - SPAIN","19 Feb 2026 06:36:20","18 Feb 2026","20 Feb 2026","AUTM","SELL","SOLARIA ENERGIA Y MEDIO AMBI","COMMON STOCK EUR.01","A3113","VIRTU ITG EUROPE LIMITED","     "," "
"HRTX","B06CF7906","B06CF71","DE000A0D6554","400.000","13846.30","EUR","DEF - GERMANY","19 Feb 2026 06:26:52","18 Feb 2026","20 Feb 2026","AUTM","SELL","NORDEX SE","COMMON STOCK","A3113","VIRTU ITG EUROPE LIMITED","     "," "
"HRTX","         ","       ","            ","0.000","70000.00","EUR","CM8 - CAPITAL MARKETS","19 Feb 2026 00:00:00","","19 Feb 2026","PAID","600"," "," ","A1201","CANADIAN IMPERIAL BANK OF COMMERCE"," "," "
"HRTH","98978V103","B95WG16","US98978V1035","422890.000","224131.70","USD","DTC - USA","21 Jan 2026 00:30:13","","03 Mar 2026","OPEN","08","ZOETIS INC","COMMON STOCK USD.01","     "," "," "," "
"HRTP","89832Q109","BKP7287","US89832Q1094","123583.000","-9639.47","USD","DTC - USA","18 Feb 2026 05:07:25","","02 Mar 2026","PEND","08","TRUIST FINANCIAL CORP","COMMON STOCK USD5.0","     "," "," "," "
"HRT0","91913Y100","2041364","US91913Y1001","10877.000","13052.40","USD","DTC - USA","06 Feb 2026 00:30:15","","09 Mar 2026","OPEN","08","VALERO ENERGY CORP","COMMON STOCK USD.01","     "," "," "," "
"HRT0","29250N956","2466149","CA29250N1050","42570.000","41292.90","CAD","CAN - CANADA","17 Feb 2026 09:57:19","","01 Mar 2026","OPEN","CDIV","ENBRIDGE INC","COMMON STOCK","     "," "," "," "
"HRT0","99997Z109","       ","CA99997Z1099","1.000","-830.71","CAD","CAN - CANADA","19 Feb 2026 04:14:19","18 Feb 2026","19 Feb 2026","PAUT","BUY","SETTLE MONEY ONLY","EQUITY CAD","90065","RBC DOMINION SECURITIES INC.","90065","RBC DOMINION SECURITIES INC."
"HRTG","         ","       ","            ","0.000","1289294.25","CAD","CM8 - CAPITAL MARKETS","08 Jan 2026 14:19:20","","26 Feb 2026","PEND","MT304 - BUY"," "," ","A1201","CANADIAN IMPERIAL BANK OF COMMERCE"," "," "
"HRTG","         ","       ","            ","0.000","140000.00","EUR","CM8 - CAPITAL MARKETS","29 Jan 2026 13:48:08","","26 Feb 2026","PEND","MT304 - BUY"," "," ","A1201","CANADIAN IMPERIAL BANK OF COMMERCE"," "," "
"HRTG","ACI0B5V31","BT9Q186","SG1AF6000009","619150.000","16243.40","SGD","SG4 - SINGAPORE","05 Feb 2026 02:33:48","","19 Mar 2026","OPEN","CDIV","KEPPEL DC REIT","REIT","     "," "," "," "
"HRTG","         ","       ","            ","0.000","-1271000.00","EUR","CM8 - CAPITAL MARKETS","08 Jan 2026 14:19:20","","26 Feb 2026","PEND","MT304 - SELL"," "," ","A1201","CANADIAN IMPERIAL BANK OF COMMERCE"," "," "
"HRTG","         ","       ","            ","0.000","-723000.00","GBP","CM8 - CAPITAL MARKETS","08 Jan 2026 14:19:20","","26 Feb 2026","PEND","MT304 - SELL"," "," ","A1201","CANADIAN IMPERIAL BANK OF COMMERCE"," "," "
"HRTG","         ","       ","            ","0.000","-260113.98","CAD","CM8 - CAPITAL MARKETS","22 Jan 2026 14:41:25","","26 Feb 2026","PEND","MT304 - SELL"," "," ","A1201","CANADIAN IMPERIAL BANK OF COMMERCE"," "," "
"HRVM","         ","       ","            ","0.000","-15070000.00","USD","CM3 - CAPITAL MARKETS","19 Feb 2026 00:20:55","","19 Feb 2026","PAID","01183"," "," ","A5075","BANQUE NATIONALE DU CANADA"," "," "
"HRTJ","459200101","2005973","US4592001014","1224.000","2056.32","USD","DTC - USA","11 Feb 2026 00:30:15","","10 Mar 2026","OPEN","08","INTL BUSINESS MACHINES CORP","COMMON STOCK USD.2","     "," "," "," "
"HRTJ","92826C839","B2PZN04","US92826C8394","1111.000","744.37","USD","DTC - USA","11 Feb 2026 00:30:23","","02 Mar 2026","OPEN","08","VISA INC CLASS A SHARES","COMMON STOCK USD.0001","     "," "," "," "
"HRVG","         ","       ","            ","0.000","-8232000.00","USD","CM3 - CAPITAL MARKETS","11 Feb 2026 12:50:06","","26 Mar 2026","PEND","MT304 - SELL"," "," ","A8966","TORONTO DOMINION BANK"," "," "
"HRVG","         ","       ","            ","0.000","14561983.94","CAD","CM8 - CAPITAL MARKETS","29 Jan 2026 11:44:54","","05 Mar 2026","PEND","MT304 - BUY"," "," ","A1201","CANADIAN IMPERIAL BANK OF COMMERCE"," "," "
"HRVG","         ","       ","            ","0.000","14585830.63","CAD","CM8 - CAPITAL MARKETS","29 Jan 2026 11:44:54","","05 Mar 2026","PEND","MT304 - BUY"," "," ","A8966","TORONTO DOMINION BANK"," "," "
"HRVG","         ","       ","            ","0.000","11133426.02","CAD","CM8 - CAPITAL MARKETS","11 Feb 2026 12:50:06","","26 Mar 2026","PEND","MT304 - BUY"," "," ","A8966","TORONTO DOMINION BANK"," "," "
"HRVL","         ","       ","            ","0.000","812437.75","CAD","CM8 - CAPITAL MARKETS","19 Feb 2026 08:32:00","","19 Feb 2026","PAID","805"," "," ","     "," "," "," "
"HRVN","46431A950","2947246","CA46431A1093","40517.000","2795.67","CAD","CAN - CANADA","19 Feb 2026 02:34:05","","27 Feb 2026","OPEN","CDIV","ISHARES CORE CANADIAN SHORT","ETP","     "," "," "," "
"HRVP","311900104","2332262","US3119001044","61457.000","14749.68","USD","DTC - USA","30 Jan 2026 00:30:06","","26 Feb 2026","OPEN","08","FASTENAL CO","COMMON STOCK USD.01","     "," "," "," "
"HRVP","149123101","2180201","US1491231015","3522.000","-797.73","USD","DTC - USA","18 Feb 2026 05:07:25","","19 Feb 2026","PEND","08","CATERPILLAR INC","COMMON STOCK USD1.0","     "," "," "," "
"HRVS","99997Z109","       ","CA99997Z1099","1.000","-606.63","CAD","CAN - CANADA","19 Feb 2026 04:14:18","18 Feb 2026","19 Feb 2026","PAUT","BUY","SETTLE MONEY ONLY","EQUITY CAD","90065","RBC DOMINION SECURITIES INC.","90065","RBC DOMINION SECURITIES INC."
"HRQP","532457108","2516152","US5324571083","3964.000","-1028.66","USD","DTC - USA","18 Feb 2026 05:07:26","","10 Mar 2026","PEND","08","ELI LILLY + CO","COMMON STOCK","     "," "," "," "
"HRTU","         ","       ","            ","0.000","189774527.51","CAD","CM8 - CAPITAL MARKETS","19 Feb 2026 08:32:00","","19 Feb 2026","PAID","600"," "," ","A5075","BANQUE NATIONALE DU CANADA"," "," "
"HRTU","         ","       ","            ","0.000","-129396000.00","USD","CM3 - CAPITAL MARKETS","04 Feb 2026 12:28:13","","20 Mar 2026","PEND","MT304 - SELL"," "," ","A5075","BANQUE NATIONALE DU CANADA"," "," "
"HRTU","         ","       ","            ","0.000","-187997943.50","CAD","CM8 - CAPITAL MARKETS","19 Feb 2026 08:32:00","","19 Feb 2026","PAID","601"," "," ","63654","ROYAL BANK OF CANADA"," "," "
"HRTU","         ","       ","            ","0.000","-117514000.00","USD","CM3 - CAPITAL MARKETS","29 Jan 2026 11:44:54","","05 Mar 2026","PEND","MT304 - SELL"," "," ","A8966","TORONTO DOMINION BANK"," "," "
"HRTE","         ","       ","            ","0.000","47566321.63","CAD","CM8 - CAPITAL MARKETS","04 Feb 2026 12:28:13","","20 Mar 2026","PEND","MT304 - BUY"," "," ","63654","ROYAL BANK OF CANADA"," "," "
"HRTE","         ","       ","            ","0.000","-104183326.50","CAD","CM8 - CAPITAL MARKETS","19 Feb 2026 08:32:00","","19 Feb 2026","PAID","601"," "," ","A5075","BANQUE NATIONALE DU CANADA"," "," "
"HRTE","         ","       ","            ","0.000","-43905000.00","USD","CM3 - CAPITAL MARKETS","29 Jan 2026 11:44:54","","05 Mar 2026","PEND","MT304 - SELL"," "," ","A1201","CANADIAN IMPERIAL BANK OF COMMERCE"," "," "
"HRTE","         ","       ","            ","0.000","97947192.08","CAD","CM8 - CAPITAL MARKETS","18 Feb 2026 11:20:27","","02 Apr 2026","PEND","MT304 - BUY"," "," ","63654","ROYAL BANK OF CANADA"," "," "
"HRTE","         ","       ","            ","0.000","-62627000.00","USD","CM3 - CAPITAL MARKETS","11 Feb 2026 12:55:02","","26 Mar 2026","PEND","MT304 - SELL"," "," ","A1201","CANADIAN IMPERIAL BANK OF COMMERCE"," "," "
"HRTE","         ","       ","            ","0.000","84751553.43","CAD","CM8 - CAPITAL MARKETS","11 Feb 2026 12:55:02","","26 Mar 2026","PEND","MT304 - BUY"," "," ","A5193","BANK OF MONTREAL"," "," "
"HRQA","063671952","2076009","CA0636711016","25231.000","42135.77","CAD","CAN - CANADA","29 Jan 2026 10:22:33","","26 Feb 2026","OPEN","CDIV","BANK OF MONTREAL","COMMON STOCK","     "," "," "," "
"HRVR","532457108","2516152","US5324571083","69819.000","120786.87","USD","DTC - USA","14 Feb 2026 00:30:26","","10 Mar 2026","OPEN","08","ELI LILLY + CO","COMMON STOCK","     "," "," "," "
"HRQN","884903931","BPLLTY3","CA8849038085","389.000","254.80","USD","CAN - CANADA","13 Feb 2026 02:33:53","","10 Mar 2026","OPEN","CDIV","THOMSON REUTERS CORP","COMMON STOCK","     "," "," "," "
"HRQV","82509L958","BX865C7","CA82509L1076","500.000","-83800.00","CAD","CAN - CANADA","19 Feb 2026 04:58:58","18 Feb 2026","19 Feb 2026","SETL","BUY","SHOPIFY INC   CLASS A","COMMON STOCK","A2981","TORONTO DOMINION SECURITIES INC","A2981","TORONTO DOMINION SECURITIES INC"
"HRT9","92826C839","B2PZN04","US92826C8394","66719.000","44701.73","USD","DTC - USA","11 Feb 2026 00:30:23","","02 Mar 2026","OPEN","08","VISA INC CLASS A SHARES","COMMON STOCK USD.0001","     "," "," "," "
"HRT9","         ","       ","            ","0.000","1154878.91","CAD","CM8 - CAPITAL MARKETS","19 Feb 2026 08:32:00","","19 Feb 2026","PAID","805"," "," ","     "," "," "," "
"HRTA","         ","       ","            ","0.000","-53161000.00","USD","CM3 - CAPITAL MARKETS","04 Feb 2026 12:28:13","","20 Mar 2026","PEND","MT304 - SELL"," "," ","63654","ROYAL BANK OF CANADA"," "," "
"HRTA","         ","       ","            ","0.000","59215388.43","CAD","CM8 - CAPITAL MARKETS","18 Feb 2026 11:20:27","","02 Apr 2026","PEND","MT304 - BUY"," "," ","63654","ROYAL BANK OF CANADA"," "," "
"HRTA","         ","       ","            ","0.000","-43444000.00","USD","CM3 - CAPITAL MARKETS","18 Feb 2026 11:20:27","","02 Apr 2026","PEND","MT304 - SELL"," "," ","63654","ROYAL BANK OF CANADA"," "," "
"HRTA","         ","       ","            ","0.000","-61555374.50","CAD","CM8 - CAPITAL MARKETS","19 Feb 2026 08:32:00","","19 Feb 2026","PAID","601"," "," ","63654","ROYAL BANK OF CANADA"," "," "
"HRTA","         ","       ","            ","0.000","-61600453.50","CAD","CM8 - CAPITAL MARKETS","19 Feb 2026 08:32:00","","19 Feb 2026","PAID","601"," "," ","A5075","BANQUE NATIONALE DU CANADA"," "," "
"HRTA","         ","       ","            ","0.000","-1154878.91","CAD","CM8 - CAPITAL MARKETS","19 Feb 2026 08:32:00","","19 Feb 2026","PAID","805"," "," ","     "," "," "," "
"HRTA","         ","       ","            ","0.000","59258788.99","CAD","CM8 - CAPITAL MARKETS","18 Feb 2026 11:20:27","","02 Apr 2026","PEND","MT304 - BUY"," "," ","A5075","BANQUE NATIONALE DU CANADA"," "," "
"HRTM","723484101","2048804","US7234841010","110335.000","100404.85","USD","DTC - USA","03 Feb 2026 00:33:51","","02 Mar 2026","OPEN","08","PINNACLE WEST CAPITAL","COMMON STOCK","     "," "," "," "
"HRTM","337932107","2100920","US3379321074","206290.000","-13769.86","USD","DTC - USA","18 Feb 2026 05:07:25","","01 Mar 2026","PEND","08","FIRSTENERGY CORP","COMMON STOCK USD.1","     "," "," "," "
"HRTM","         ","       ","            ","0.000","-28003000.00","EUR","CM8 - CAPITAL MARKETS","08 Jan 2026 14:19:20","","26 Feb 2026","PEND","MT304 - SELL"," "," ","A1201","CANADIAN IMPERIAL BANK OF COMMERCE"," "," "
"HRTM","         ","       ","            ","0.000","-37277000.00","GBP","CM8 - CAPITAL MARKETS","08 Jan 2026 14:19:20","","26 Feb 2026","PEND","MT304 - SELL"," "," ","A1201","CANADIAN IMPERIAL BANK OF COMMERCE"," "," "
"HRTM","         ","       ","            ","0.000","-273622.40","CAD","CM8 - CAPITAL MARKETS","17 Feb 2026 13:10:14","","19 Feb 2026","PEND","MT304 - SELL"," "," ","A1201","CANADIAN IMPERIAL BANK OF COMMERCE"," "," "
"HRTB","         ","       ","            ","0.000","12470862.03","CAD","CM8 - CAPITAL MARKETS","19 Feb 2026 08:32:00","","19 Feb 2026","PAID","600"," "," ","63654","ROYAL BANK OF CANADA"," "," "
"HRTF","192108504","2208136","US1921085049","14000.000","315840.00","USD","DTC - USA","19 Feb 2026 03:13:28","18 Feb 2026","19 Feb 2026","SDEL","SELL","COEUR MINING INC","COMMON STOCK USD.01","A6800","J.P. MORGAN SECURITIES CANADA INC","00352","J.P. MORGAN SECURITIES LLC"
"HRTF","BL6K5J907","BL6K5J4","GB00BL6K5J42","2500.000","117466.22","GBP","GBB - UK","19 Feb 2026 00:25:07","18 Feb 2026","20 Feb 2026","AUTM","SELL","ENDEAVOUR MINING PLC","COMMON STOCK USD.01","A0455","INSTINET U.K. LTD","92931","THAMESWAY PACIFIC LTD"
"HRRA","41756W950","BTGTS65","CA41756W1095","50000.000","16.52","CAD","CAN - CANADA","19 Feb 2026 04:20:30","18 Feb 2026","19 Feb 2026","PAUT","SELL","DIVERSIFIED HIGH INCOME","ETP","90065","RBC DOMINION SECURITIES INC.","90065","RBC DOMINION SECURITIES INC."
"HRCJ","780087953","2754383","CA7800871021","1273.000","2087.72","CAD","CAN - CANADA","23 Jan 2026 02:32:41","","24 Feb 2026","OPEN","CDIV","ROYAL BANK OF CANADA","COMMON STOCK","     "," "," "," "
"HRTS","532457108","2516152","US5324571083","2200.000","3806.00","USD","DTC - USA","14 Feb 2026 00:30:26","","10 Mar 2026","OPEN","08","ELI LILLY + CO","COMMON STOCK","     "," "," "," "
"HRTX","533709903","5337093","IT0001157020","584.000","13854.46","EUR","IT7 - ITALY","19 Feb 2026 06:35:18","18 Feb 2026","20 Feb 2026","AUTM","SELL","ERG SPA","COMMON STOCK EUR.1","A3113","VIRTU ITG EUROPE LIMITED","     "," "
"HRTX","BN4MYF907","BN4MYF5","DK0061539921","552.000","87265.27","DKK","DK2 - DENMARK","19 Feb 2026 06:21:33","18 Feb 2026","20 Feb 2026","AUTM","SELL","VESTAS WIND SYSTEMS A/S","COMMON STOCK DKK.2","E0155","ABN AMRO CLEARING BANK N.V.","     "," "
"HRTX","         ","       ","            ","0.000","-112000.00","EUR","CM8 - CAPITAL MARKETS","18 Feb 2026 16:16:19","","20 Feb 2026","PEND","MT304 - SELL"," "," ","A8966","TORONTO DOMINION BANK"," "," "
"HRTX","BTQGS7908","BTQGS77","GB00BTQGS779","1000.000","-35835.40","EUR","GBB - UK","19 Feb 2026 03:53:08","17 Feb 2026","19 Feb 2026","SETL","BUY","METLEN ENERGY + METALS","COMMON STOCK EUR1.0","A0455","INSTINET U.K. LTD","92931","THAMESWAY PACIFIC LTD"
"HRTH","031162100","2023607","US0311621009","187634.000","472837.68","USD","DTC - USA","14 Feb 2026 00:30:07","","06 Mar 2026","OPEN","08","AMGEN INC","COMMON STOCK USD.0001","     "," "," "," "
"HRTH","532457108","2516152","US5324571083","60399.000","104490.27","USD","DTC - USA","14 Feb 2026 00:30:26","","10 Mar 2026","OPEN","08","ELI LILLY + CO","COMMON STOCK","     "," "," "," "
"HRTH","99997Z109","       ","CA99997Z1099","1.000","-1606.14","CAD","CAN - CANADA","19 Feb 2026 04:14:23","18 Feb 2026","19 Feb 2026","PAUT","BUY","SETTLE MONEY ONLY","EQUITY CAD","A2981","TORONTO DOMINION SECURITIES INC","A2981","TORONTO DOMINION SECURITIES INC"
"HRTH","98978V103","B95WG16","US98978V1035","422890.000","-33619.76","USD","DTC - USA","18 Feb 2026 05:07:26","","03 Mar 2026","PEND","08","ZOETIS INC","COMMON STOCK USD.01","     "," "," "," "
"HRTG","42250P103","BJBLRK3","US42250P1030","41378.000","-631.04","USD","DTC - USA","18 Feb 2026 05:07:26","","27 Feb 2026","PEND","08","HEALTHPEAK PROPERTIES INC","REIT USD1.0","     "," "," "," "
"HRTG","         ","       ","            ","0.000","-1391000.00","AUD","CM8 - CAPITAL MARKETS","08 Jan 2026 14:19:20","","26 Feb 2026","PEND","MT304 - SELL"," "," ","A1201","CANADIAN IMPERIAL BANK OF COMMERCE"," "," "
"HRTG","         ","       ","            ","0.000","2053524.20","CAD","CM8 - CAPITAL MARKETS","08 Jan 2026 14:19:20","","26 Feb 2026","PEND","MT304 - BUY"," "," ","A1201","CANADIAN IMPERIAL BANK OF COMMERCE"," "," "
"HRTG","         ","       ","            ","0.000","810000.00","SGD","CM8 - CAPITAL MARKETS","22 Jan 2026 14:41:25","","26 Feb 2026","PEND","MT304 - BUY"," "," ","A1201","CANADIAN IMPERIAL BANK OF COMMERCE"," "," "
"HRVM","         ","       ","            ","0.000","-113542485.00","CAD","CM8 - CAPITAL MARKETS","19 Feb 2026 08:32:00","","19 Feb 2026","PAID","601"," "," ","A5075","BANQUE NATIONALE DU CANADA"," "," "
"HRVM","         ","       ","            ","0.000","-82554000.00","USD","CM3 - CAPITAL MARKETS","18 Feb 2026 11:20:27","","02 Apr 2026","PEND","MT304 - SELL"," "," ","A5075","BANQUE NATIONALE DU CANADA"," "," "
"HRVM","         ","       ","            ","0.000","139907072.54","CAD","CM8 - CAPITAL MARKETS","04 Feb 2026 12:28:13","","20 Mar 2026","PEND","MT304 - BUY"," "," ","A5075","BANQUE NATIONALE DU CANADA"," "," "
"HRVM","         ","       ","            ","0.000","-102497000.00","USD","CM3 - CAPITAL MARKETS","04 Feb 2026 12:28:13","","20 Mar 2026","PEND","MT304 - SELL"," "," ","A5075","BANQUE NATIONALE DU CANADA"," "," "
"HRVP","911363109","2134781","US9113631090","3172.000","-937.33","USD","DTC - USA","18 Feb 2026 05:07:25","","25 Feb 2026","PEND","08","UNITED RENTALS INC","COMMON STOCK USD.01","     "," "," "," "
"HRQB","99997Z109","       ","CA99997Z1099","1.000","-287.31","CAD","CAN - CANADA","19 Feb 2026 04:14:33","18 Feb 2026","19 Feb 2026","PAUT","BUY","SETTLE MONEY ONLY","EQUITY CAD","A2777","BMO NESBITT BURNS  INC","A2777","BMO NESBITT BURNS  INC"
"HRTU","         ","       ","            ","0.000","-137677000.00","USD","CM3 - CAPITAL MARKETS","19 Feb 2026 00:20:55","","19 Feb 2026","PAID","01183"," "," ","A5075","BANQUE NATIONALE DU CANADA"," "," "
"HRTU","         ","       ","            ","0.000","-188135620.50","CAD","CM8 - CAPITAL MARKETS","19 Feb 2026 08:32:00","","19 Feb 2026","PAID","601"," "," ","A5075","BANQUE NATIONALE DU CANADA"," "," "
"HRTU","         ","       ","            ","0.000","-95120000.00","USD","CM3 - CAPITAL MARKETS","11 Feb 2026 12:55:02","","26 Mar 2026","PEND","MT304 - SELL"," "," ","A8966","TORONTO DOMINION BANK"," "," "
"HRTE","         ","       ","            ","0.000","47549322.15","CAD","CM8 - CAPITAL MARKETS","04 Feb 2026 12:28:13","","20 Mar 2026","PEND","MT304 - BUY"," "," ","A5075","BANQUE NATIONALE DU CANADA"," "," "
"HRTE","         ","       ","            ","0.000","-43905000.00","USD","CM3 - CAPITAL MARKETS","29 Jan 2026 11:44:54","","05 Mar 2026","PEND","MT304 - SELL"," "," ","A8966","TORONTO DOMINION BANK"," "," "
"HRVQ","         ","       ","            ","0.000","-35529000.00","CAD","CM8 - CAPITAL MARKETS","19 Feb 2026 08:32:00","","19 Feb 2026","PAID","601"," "," ","A5075","BANQUE NATIONALE DU CANADA"," "," "
"HRQM","87262K956","B8KH5G7","CA87262K1057","10099.000","2423.76","CAD","CAN - CANADA","19 Feb 2026 02:33:24","","06 Mar 2026","OPEN","CDIV","TMX GROUP LTD","COMMON STOCK","     "," "," "," "
"HRQN","063671952","2076009","CA0636711016","1036.000","1730.12","CAD","CAN - CANADA","30 Jan 2026 01:15:41","","26 Feb 2026","OPEN","CDIV","BANK OF MONTREAL","COMMON STOCK","     "," "," "," "
"HR21","         ","       ","            ","0.000","1953218.18","CAD","CM8 - CAPITAL MARKETS","19 Feb 2026 08:32:00","","19 Feb 2026","PAID","805"," "," ","     "," "," "," "
"HRTA","         ","       ","            ","0.000","-43444000.00","USD","CM3 - CAPITAL MARKETS","18 Feb 2026 11:20:27","","02 Apr 2026","PEND","MT304 - SELL"," "," ","A5075","BANQUE NATIONALE DU CANADA"," "," "
"HRTM","723484101","2048804","US7234841010","110335.000","-15060.73","USD","DTC - USA","18 Feb 2026 05:07:25","","02 Mar 2026","PEND","08","PINNACLE WEST CAPITAL","COMMON STOCK","     "," "," "," "
"HRTM","466160009","4661607","AT0000746409","18400.000","-1099004.04","EUR","AT2 - AUSTRIA","19 Feb 2026 00:29:38","18 Feb 2026","20 Feb 2026","AUTM","BUY","VERBUND AG","COMMON STOCK","A0455","INSTINET U.K. LTD","     "," "
"HRTM","         ","       ","            ","0.000","12929595.10","CAD","CM8 - CAPITAL MARKETS","08 Jan 2026 14:19:20","","26 Feb 2026","PEND","MT304 - BUY"," "," ","A1201","CANADIAN IMPERIAL BANK OF COMMERCE"," "," "
"HRTM","         ","       ","            ","0.000","45261248.90","CAD","CM8 - CAPITAL MARKETS","08 Jan 2026 14:19:20","","26 Feb 2026","PEND","MT304 - BUY"," "," ","A8966","TORONTO DOMINION BANK"," "," "
"HRTM","         ","       ","            ","0.000","-28003000.00","EUR","CM8 - CAPITAL MARKETS","08 Jan 2026 14:19:20","","26 Feb 2026","PEND","MT304 - SELL"," "," ","A8966","TORONTO DOMINION BANK"," "," "
"HRCL","149123101","2180201","US1491231015","201.000","303.51","USD","DTC - USA","19 Feb 2026 03:30:56","","19 Feb 2026","PEND","08","CATERPILLAR INC","COMMON STOCK USD1.0","     "," "," "," "
"HRCL","99997Z109","       ","CA99997Z1099","1.000","-10000.00","CAD","CAN - CANADA","18 Feb 2026 08:58:31","17 Feb 2026","17 Feb 2026","FATR","BUY","SETTLE MONEY ONLY","EQUITY CAD","A2981","TORONTO DOMINION SECURITIES INC","A2981","TORONTO DOMINION SECURITIES INC"
"HRTB","         ","       ","            ","0.000","8670766.25","CAD","CM8 - CAPITAL MARKETS","04 Feb 2026 12:28:13","","20 Mar 2026","PEND","MT304 - BUY"," "," ","63654","ROYAL BANK OF CANADA"," "," "
"HRTB","         ","       ","            ","0.000","-9042000.00","USD","CM3 - CAPITAL MARKETS","19 Feb 2026 00:20:55","","19 Feb 2026","PAID","01183"," "," ","A5075","BANQUE NATIONALE DU CANADA"," "," "
"HRTB","         ","       ","            ","0.000","-12346851.00","CAD","CM8 - CAPITAL MARKETS","19 Feb 2026 08:32:00","","19 Feb 2026","PAID","601"," "," ","63654","ROYAL BANK OF CANADA"," "," "
"HRTF","675222996","BQXQY26","CA6752224007","8900.000","463868.00","CAD","CAN - CANADA","19 Feb 2026 04:56:38","18 Feb 2026","19 Feb 2026","SETL","SELL","OCEANAGOLD CORP","COMMON STOCK","C4665","FIDELITY CLEARING CANADA","C4665","FIDELITY CLEARING CANADA"
"HRTF","284902913","BHZJ5Y9","CA2849025093","10800.000","693144.00","CAD","CAN - CANADA","19 Feb 2026 04:56:37","18 Feb 2026","19 Feb 2026","SETL","SELL","ELDORADO GOLD CORP","COMMON STOCK","C4665","FIDELITY CLEARING CANADA","C4665","FIDELITY CLEARING CANADA"
"HRTS","031162100","2023607","US0311621009","6210.000","15649.20","USD","DTC - USA","14 Feb 2026 00:30:07","","06 Mar 2026","OPEN","08","AMGEN INC","COMMON STOCK USD.0001","     "," "," "," "
"HRTS","031162100","2023607","US0311621009","6210.000","-2347.38","USD","DTC - USA","18 Feb 2026 05:07:25","","06 Mar 2026","PEND","08","AMGEN INC","COMMON STOCK USD.0001","     "," "," "," "
"HRTS","532457108","2516152","US5324571083","2200.000","-570.90","USD","DTC - USA","18 Feb 2026 05:07:25","","10 Mar 2026","PEND","08","ELI LILLY + CO","COMMON STOCK","     "," "," "," "
"HRTX","         ","       ","            ","0.000","-333000.00","NOK","CM8 - CAPITAL MARKETS","18 Feb 2026 16:16:19","","20 Feb 2026","PEND","MT304 - SELL"," "," ","A8966","TORONTO DOMINION BANK"," "," "
"HRTX","         ","       ","            ","0.000","75112.57","CAD","CM8 - CAPITAL MARKETS","18 Feb 2026 16:16:19","","20 Feb 2026","PEND","MT304 - BUY"," "," ","A8966","TORONTO DOMINION BANK"," "," "
